946176749863424001,@BofA_Help please message me,"<a href=""http://twitter.com"" rel=""nofollow"">Twitter Web Client</a>",en,2017-12-28 0:31,0,FALSE,0,-1,BofA_Help,18735040,1599899587,Carla Wilson,livelyantonia,I’ve never been a millionaire but I just know I’d be darling at it.,2013-07-17 3:03,443,1283,30,159,2,,en,,-1,https://t.co/iVjvX72bfv,http://pbs.twimg.com/profile_images/699500336512430080/MX-bVAT1_normal.jpg,https://pbs.twimg.com/profile_images/699500336512430080/MX-bVAT1.jpg,FALSE,-1,,,,,,,,,,,[BofA_Help],,,,FALSE,FALSE,FALSE,FALSE,,,,,,,,,,,,,,@bofa_help,5.30,2.79,8.07,0.35,"[bofa_help, please, message]",https://twitter.com/livelyantonia/status/946176749863424001,0
946172414337175552,@BofA_Help Thanks for the help!!!,"<a href=""http://twitter.com/download/iphone"" rel=""nofollow"">Twitter for iPhone</a>",en,2017-12-28 0:14,0,FALSE,0,946092381606240256,BofA_Help,18735040,27929267,Andrea R,andreaarg,concerts. 1/5 1D 5/5 5H?.,2009-03-31 18:24,38003,6352,1009,542,3,"world of chances, TX",en,Central Time (US & Canada),-21600,https://t.co/IYNtMPwnAp,http://pbs.twimg.com/profile_images/918567924369108993/Ybaqx1x7_normal.jpg,https://pbs.twimg.com/profile_images/918567924369108993/Ybaqx1x7.jpg,FALSE,-1,,,,,,,,,,,[BofA_Help],,,,FALSE,FALSE,FALSE,FALSE,,,,,,,,,,,,,,@bofa_help,0.54,70.12,11.72,5.98,"[bofa_help, thanks, help]",https://twitter.com/andreaarg/status/946172414337175552,0
946169833015484416,@BofA_Help  I am fuming.  I deposited a large check on Friday from a mortgage company in Tennesee.  This is a reput… https://t.co/aByQpkHOS2,"<a href=""http://twitter.com"" rel=""nofollow"">Twitter Web Client</a>",en,2017-12-28 0:04,0,FALSE,0,-1,BofA_Help,18735040,20004007,kathy tatick,kcitat63,,2009-02-03 21:06,11,0,3,19,0,,en,,-1,,http://abs.twimg.com/sticky/default_profile_images/default_profile_normal.png,https://abs.twimg.com/sticky/default_profile_images/default_profile.png,TRUE,-1,,,,,,,,,,,[BofA_Help],,[https://twitter.com/i/web/status/946169833015484416],,FALSE,FALSE,FALSE,TRUE,,,,,,,,,,,,,,@bofa_help,6.33,0.58,0.00,0.00,"[bofa_help, fuming, deposited, large, check, friday, mortgage, company, tennesee, reput, abyqpkhos2]",https://twitter.com/kcitat63/status/946169833015484416,0
946169044914331648,@BofA_Help is ? Just saying ? Im guessing you didn’t read the memo JS !,"<a href=""http://twitter.com/download/iphone"" rel=""nofollow"">Twitter for iPhone</a>",en,2017-12-28 0:00,0,FALSE,0,945644572360806400,BofA_Help,18735040,2715625906,AY,ellosierraa,To love one another is to save a life .,2014-07-17 13:52,430,17,53,10,1,,en,,-1,,http://pbs.twimg.com/profile_images/914257704838889477/ZYSMVwWB_normal.jpg,https://pbs.twimg.com/profile_images/914257704838889477/ZYSMVwWB.jpg,FALSE,-1,,,,,,,,,,,[BofA_Help],,,,FALSE,FALSE,FALSE,FALSE,,,,,,,,,,,,,,@bofa_help,0.19,43.00,1.70,25.29,"[bofa_help, just, saying, im, guessing, didn, read, memo, js]",https://twitter.com/ellosierraa/status/946169044914331648,0
946163578536693761,@David_Kaplan1 Hi David. Thanks for mentioning us. You can reach @BofA_Help if you need anything. Have a great day! ^rr,"<a href=""http://www.radian6.com"" rel=""nofollow"">Radian6 -Social Media Management</a>",en,2017-12-27 23:39,0,FALSE,0,946158467819233281,David_Kaplan1,460831550,18735040,Bank of America Help,BofA_Help,"Need help? Connect with us, the official BofA Twitter reps. Please do not Tweet account info; we may ask you to DM more info. Hours: 8a–9p M–F, 11a-8p Sat (ET)",2009-01-07 19:50,697196,22,117251,65040,1051,http://go.bofa.com/BofAHelp,en,Eastern Time (US & Canada),-18000,http://t.co/xH8GqxrNhC,http://pbs.twimg.com/profile_images/881144847230435328/EXxK8hXy_normal.jpg,https://pbs.twimg.com/profile_images/881144847230435328/EXxK8hXy.jpg,FALSE,-1,,,,,,,,,,,"[David_Kaplan1, BofA_Help]",,,,FALSE,FALSE,FALSE,FALSE,,,,,,,,,,,,,,@bofa_help,0.55,10.72,0.00,31690.73,"[david_kaplan1, hi, david, thanks, mentioning, us, reach, bofa_help, if, need, anything, have, great, day, rr]",https://twitter.com/BofA_Help/status/946163578536693761,0
946162393704534017,RT @thatiswildlove: @BofA_Help hello! I was charged a $35 overdraft fee for a $2.99 charge that ended up getting cr… https://t.co/YTWjFpOqaT,"<a href=""https://ifttt.com"" rel=""nofollow"">IFTTT</a>",en,2017-12-27 23:34,0,FALSE,0,-1,,-1,942399612974923777,OverdraftApps,overdraftapps,??,2017-12-17 14:22,185,0,3,7,0,United States,en,,-1,https://t.co/8WLu6w4lf4,http://pbs.twimg.com/profile_images/946074842855563264/R-PA2XVp_normal.jpg,https://pbs.twimg.com/profile_images/946074842855563264/R-PA2XVp.jpg,FALSE,-1,,,,,,,,,,,"[thatiswildlove, BofA_Help]",,[https://twitter.com/i/web/status/946162393704534017],,FALSE,FALSE,FALSE,TRUE,,,,,,,,,,,,,,@bofa_help,2.33,26.43,0.00,0.00,"[thatiswildlove, bofa_help, hello, was, charged, overdraft, fee, charge, ended, up, getting, cr, ytwjfpoqat]",https://twitter.com/overdraftapps/status/946162393704534017,0
946161273967853568,"@BofA_Help hello! I was charged a $35 overdraft fee for a $2.99 charge that ended up getting credited back to me, i… https://t.co/BWCrklayNn","<a href=""http://twitter.com/download/iphone"" rel=""nofollow"">Twitter for iPhone</a>",en,2017-12-27 23:30,0,FALSE,0,-1,BofA_Help,18735040,220160867,georgia,thatiswildlove,,2010-11-26 23:35,78778,77739,3157,878,46,washington state,en,Pacific Time (US & Canada),-28800,https://t.co/uctgAoHO8D,http://pbs.twimg.com/profile_images/942552077212905474/2zVUmVTz_normal.jpg,https://pbs.twimg.com/profile_images/942552077212905474/2zVUmVTz.jpg,FALSE,-1,,,,,,,,,,,[BofA_Help],,[https://twitter.com/i/web/status/946161273967853568],,FALSE,FALSE,FALSE,TRUE,,,,,,,,,,,,,,@bofa_help,0.28,89.72,88.54,1.01,"[bofa_help, hello, was, charged, overdraft, fee, charge, ended, up, getting, credited, back, bwcrklaynn]",https://twitter.com/thatiswildlove/status/946161273967853568,0
946161267768791041,"@BofA_Help Saludos, tengo dos transacciones de mi tarjeta de credito fraudulentas. Espero sy ayuda con urgencia.","<a href=""http://twitter.com"" rel=""nofollow"">Twitter Web Client</a>",es,2017-12-27 23:29,0,FALSE,0,944628740222521345,BofA_Help,18735040,8082022,valennelav,valennelav,@valentinalvarado,2007-08-09 15:02,17124,2551,2006,994,28,Maracaibo - Barcelona,es,Caracas,-14400,http://t.co/xxSqIIaz82,http://pbs.twimg.com/profile_images/534279651489636352/l4y1LnlK_normal.jpeg,https://pbs.twimg.com/profile_images/534279651489636352/l4y1LnlK.jpeg,FALSE,-1,,,,,,,,,,,[BofA_Help],,,,FALSE,FALSE,FALSE,FALSE,,,,,,,,,,,,,,@bofa_help,0.50,17.23,2.57,6.71,"[bofa_help, saludos, tengo, dos, transacciones, de, mi, tarjeta, de, credito, fraudulentas, espero, sy, ayuda, con, urgencia]",https://twitter.com/valennelav/status/946161267768791041,0
946159354842976257,"@BofA_Help I know, But still, it would be nice to have a physical place to go to every now and then. Thank you for your reply.","<a href=""http://twitter.com"" rel=""nofollow"">Twitter Web Client</a>",en,2017-12-27 23:22,0,FALSE,0,946156807487152130,BofA_Help,18735040,3181323945,Ana Micheli,AnaMMicheli,Spanish and ESOL Teacher. Stage Director. Choreographer. Interpretive Dance Instructor. Runner. Dreamer...,2015-04-19 0:28,7674,5660,3611,179,4,"Montana, USA",en,,-1,,http://pbs.twimg.com/profile_images/822067809031028737/D87eAytc_normal.jpg,https://pbs.twimg.com/profile_images/822067809031028737/D87eAytc.jpg,FALSE,-1,,,,,,,,,,,[BofA_Help],,,,FALSE,FALSE,FALSE,FALSE,,,,,,,,,,,,,,@bofa_help,0.05,42.87,31.62,1.36,"[bofa_help, know, still, would, nice, have, physical, place, go, every, now, then, thank, reply]",https://twitter.com/AnaMMicheli/status/946159354842976257,0
946157000794271745,"@BankofAmerica @BofA_Help I just got screamed at (I'll admit, I screamed back from frustration) by one of your cust… https://t.co/75vYdZzbQv","<a href=""http://twitter.com"" rel=""nofollow"">Twitter Web Client</a>",en,2017-12-27 23:13,0,FALSE,0,946156538485407744,levyharaivan,18440110,18440110,Ivan Levy Hara,levyharaivan,Follow me and I'll follow back :D,2008-12-29 2:30,1389,1028,352,638,1,"ÜT: 25.971831,-80.140835",en,Eastern Time (US & Canada),-18000,http://t.co/hPa4Soo65d,http://pbs.twimg.com/profile_images/745318851827601408/mLXxQKHb_normal.jpg,https://pbs.twimg.com/profile_images/745318851827601408/mLXxQKHb.jpg,FALSE,-1,,,,,,,,,,,"[BankofAmerica, BofA_Help]",,[https://twitter.com/i/web/status/946157000794271745],,FALSE,FALSE,FALSE,TRUE,,,,,,,,,,,,,,@bofa_help,1.81,2.18,1.61,1.35,"[bankofamerica, bofa_help, just, got, screamed, i'll, admit, screamed, back, frustration, one, cust, 75vydzzbqv]",https://twitter.com/levyharaivan/status/946157000794271745,0
946155006712877057,"@BofA_Help No need, I alerted someone there.","<a href=""http://twitter.com/download/iphone"" rel=""nofollow"">Twitter for iPhone</a>",en,2017-12-27 23:05,0,FALSE,0,946153698962571264,BofA_Help,18735040,34866429,virus,virushopper,"I'm so left, it's right! | Master of Ghosting",2009-04-24 6:24,7339,59,113,107,3,,en,Pacific Time (US & Canada),-28800,,http://pbs.twimg.com/profile_images/2281447449/zyus4wf5zva2p6fpbv89_normal.jpeg,https://pbs.twimg.com/profile_images/2281447449/zyus4wf5zva2p6fpbv89.jpeg,FALSE,-1,,,,,,,,,,,[BofA_Help],,,,FALSE,FALSE,FALSE,FALSE,,,,,,,,,,,,,,@bofa_help,0.95,68.59,0.55,124.39,"[bofa_help, no, need, alerted, someone, there]",https://twitter.com/virushopper/status/946155006712877057,0
946153886351364096,@BofA_Help No problem,"<a href=""http://twitter.com/download/android"" rel=""nofollow"">Twitter for Android</a>",en,2017-12-27 23:00,0,FALSE,0,946149994490449920,BofA_Help,18735040,27293269,Matthew,KingRomainIII,"Hey I'm Matt, working Full-Time! Rapper, Pro Wrestler & Combat Vet. I ?? my Soon to be Fiancé! ??????????????????????? Iraq War Veteran",2009-03-28 19:40,14351,2507,352,2495,10,,en,Pacific Time (US & Canada),-28800,,http://pbs.twimg.com/profile_images/945575384107454464/Zrpz0Gu8_normal.jpg,https://pbs.twimg.com/profile_images/945575384107454464/Zrpz0Gu8.jpg,FALSE,-1,,,,,,,,,,,[BofA_Help],,,,FALSE,FALSE,FALSE,FALSE,,,,,,,,,,,,,,@bofa_help,7.09,5.75,1.00,5.72,"[bofa_help, no, problem]",https://twitter.com/KingRomainIII/status/946153886351364096,0
946153566900690944,"@BofA_Help i think the virtual teller ROOM is a great idea, but the ones who just pop up and talk to me and awkward… https://t.co/xrILt9V87v","<a href=""http://twitter.com/download/iphone"" rel=""nofollow"">Twitter for iPhone</a>",en,2017-12-27 22:59,0,FALSE,0,946149278677962753,BofA_Help,18735040,393570115,Julia Becker,beckermjulia,i'm really fucking awkward,2011-10-18 18:51,5601,5202,341,307,1,golden coloRADo,en,Atlantic Time (Canada),-14400,,http://pbs.twimg.com/profile_images/942598434313269248/eLk2S4_u_normal.jpg,https://pbs.twimg.com/profile_images/942598434313269248/eLk2S4_u.jpg,FALSE,-1,,,,,,,,,,,[BofA_Help],,[https://twitter.com/i/web/status/946153566900690944],,FALSE,FALSE,FALSE,TRUE,,,,,,,,,,,,,,@bofa_help,0.90,18.24,16.94,1.08,"[bofa_help, think, virtual, teller, room, great, idea, ones, who, just, pop, up, talk, awkward, xrilt9v87v]",https://twitter.com/beckermjulia/status/946153566900690944,0
946153337577025536,@BofA_Help I've done that but the home isn't listed. It's pretty thrashed..,"<a href=""http://twitter.com/download/android"" rel=""nofollow"">Twitter for Android</a>",en,2017-12-27 22:58,0,FALSE,0,946140507553587205,BofA_Help,18735040,2923275700,Kentucky Derpy,stinson_dmclay1,"Science Teacher, Doctoral Student, former New Yorker swimming with the sharks in CA.",2014-12-15 17:21,45,287,31,68,0,Southern California,en,,-1,,http://pbs.twimg.com/profile_images/845480568976359424/GwgbylG3_normal.jpg,https://pbs.twimg.com/profile_images/845480568976359424/GwgbylG3.jpg,FALSE,-1,,,,,,,,,,,[BofA_Help],,,,FALSE,FALSE,FALSE,FALSE,,,,,,,,,,,,,,@bofa_help,2.19,0.66,4.22,0.16,"[bofa_help, i've, done, home, isn't, listed, it's, pretty, thrashed]",https://twitter.com/stinson_dmclay1/status/946153337577025536,0
946152257401135104,Now @BofA_Help says the @Staples charge is no longer pending on my account. But I still have no access to spend tha… https://t.co/oDsnp5l59Z,"<a href=""http://twitter.com/download/android"" rel=""nofollow"">Twitter for Android</a>",en,2017-12-27 22:54,0,FALSE,0,946115898636623873,ajanifaye,213921063,213921063,A Billington,ajanifaye,If you only knew...,2010-11-10 3:12,3447,461,91,175,3,,en,Pacific Time (US & Canada),-28800,https://t.co/yH5d7tC0NK,http://pbs.twimg.com/profile_images/2473805479/ze7d76sr601o3smj3bnl_normal.jpeg,https://pbs.twimg.com/profile_images/2473805479/ze7d76sr601o3smj3bnl.jpeg,FALSE,-1,,,,,,,,,,,"[BofA_Help, Staples]",,[https://twitter.com/i/web/status/946152257401135104],,FALSE,FALSE,FALSE,TRUE,,,,,,,,,,,,,,@bofa_help,1.92,19.70,2.63,7.48,"[now, bofa_help, says, staples, charge, no, longer, pending, account, still, have, no, access, spend, tha, odsnp5l59z]",https://twitter.com/ajanifaye/status/946152257401135104,0
946147410748760064,"A @Staples called me to fix this. Now @BankofAmerica is saying they can't help. @BofA_Help 
Zero accountability. Th… https://t.co/TnVIdwFjqy","<a href=""http://twitter.com/download/android"" rel=""nofollow"">Twitter for Android</a>",en,2017-12-27 22:34,0,FALSE,0,946125446361448448,ajanifaye,213921063,213921063,A Billington,ajanifaye,If you only knew...,2010-11-10 3:12,3447,461,91,175,3,,en,Pacific Time (US & Canada),-28800,https://t.co/yH5d7tC0NK,http://pbs.twimg.com/profile_images/2473805479/ze7d76sr601o3smj3bnl_normal.jpeg,https://pbs.twimg.com/profile_images/2473805479/ze7d76sr601o3smj3bnl.jpeg,FALSE,-1,,,,,,,,,,,"[Staples, BankofAmerica, BofA_Help]",,[https://twitter.com/i/web/status/946147410748760064],,FALSE,FALSE,FALSE,TRUE,,,,,,,,,,,,,,@bofa_help,1.92,19.70,2.63,7.48,"[staples, called, fix, now, bankofamerica, saying, can't, help, bofa_help, zero, accountability, th, tnvidwfjqy]",https://twitter.com/ajanifaye/status/946147410748760064,0
946147136034439168,@BofA_Help Ok,"<a href=""http://twitter.com/download/iphone"" rel=""nofollow"">Twitter for iPhone</a>",und,2017-12-27 22:33,0,FALSE,0,946147024579252224,BofA_Help,18735040,112565640,A'Jai-Mielle,A_Jamielle,yep thats right!,2010-02-08 23:44,2670,280,103,179,1,Dunwoody,en,Central Time (US & Canada),-21600,,http://pbs.twimg.com/profile_images/440296394562097152/kz5KzryQ_normal.jpeg,https://pbs.twimg.com/profile_images/440296394562097152/kz5KzryQ.jpeg,FALSE,-1,,,,,,,,,,,[BofA_Help],,,,FALSE,FALSE,FALSE,FALSE,,,,,,,,,,,,,,@bofa_help,1.74,14.92,1.56,9.54,"[bofa_help, ok]",https://twitter.com/A_Jamielle/status/946147136034439168,0
946146724481060864,@BofA_Help My husband hasn’t been able to use his debit card for a amonth and we are out of the country. Tried call… https://t.co/IVxkbinscF,"<a href=""http://twitter.com/download/iphone"" rel=""nofollow"">Twitter for iPhone</a>",en,2017-12-27 22:32,0,FALSE,0,944689089651068928,BofA_Help,18735040,830262440,Serra Trading Co.,SerraTradingCo,Purveyor of Jamaican Blue Mountain Coffee*Branson Centre of the Caribbean Entrepreneur*Epicurean*,2012-09-18 3:03,943,71,235,374,10,"Kingston, JA * New York, NY",en,La Paz,-14400,http://t.co/azVCPHBOdt,http://pbs.twimg.com/profile_images/439395265498595328/4OmQa5j1_normal.jpeg,https://pbs.twimg.com/profile_images/439395265498595328/4OmQa5j1.jpeg,FALSE,-1,,,,,,,,,,,[BofA_Help],,[https://twitter.com/i/web/status/946146724481060864],,FALSE,FALSE,FALSE,TRUE,,,,,,,,,,,,,,@bofa_help,1.59,2.52,0.19,13.28,"[bofa_help, husband, hasn, been, able, use, his, debit, card, amonth, out, country, tried, call, ivxkbinscf]",https://twitter.com/SerraTradingCo/status/946146724481060864,0
946141991452028928,"@BofA_Help hey, I messaged you, need help really faaaast, please","<a href=""http://twitter.com/download/iphone"" rel=""nofollow"">Twitter for iPhone</a>",en,2017-12-27 22:13,0,FALSE,0,-1,BofA_Help,18735040,57956852,Giulio,ggtntt,,2009-07-18 15:30,115449,1729,835,277,6,,pt,Brasilia,-7200,,http://pbs.twimg.com/profile_images/917805104241139712/Pm7ITNrY_normal.jpg,https://pbs.twimg.com/profile_images/917805104241139712/Pm7ITNrY.jpg,FALSE,-1,,,,,,,,,,,[BofA_Help],,,,FALSE,FALSE,FALSE,FALSE,,,,,,,,,,,,,,@bofa_help,0.33,416.78,6.24,66.77,"[bofa_help, hey, messaged, need, help, really, faaaast, please]",https://twitter.com/ggtntt/status/946141991452028928,0
946141961211273217,"@BofA_Help So, what's the magic to get directly to an operator?","<a href=""http://twitterrific.com"" rel=""nofollow"">Twitterrific</a>",en,2017-12-27 22:13,0,FALSE,0,946135485004550144,BofA_Help,18735040,14674121,Sue the Nasty Woman,suthecoder,"Coder. Baker. Mother. Biker. Gardener. Mathematician. Reader. Writer. Schwäbisch. Runner (unwilling). Yes, I know what he really meant by nasty. I am & proud!",2008-05-06 14:47,19210,8840,449,339,23,Philadelphia,en,Quito,-18000,,http://pbs.twimg.com/profile_images/53823022/legoSusieJ_normal.png,https://pbs.twimg.com/profile_images/53823022/legoSusieJ.png,FALSE,-1,,,,,,,,,,,[BofA_Help],,,,FALSE,FALSE,FALSE,FALSE,,,,,,,,,,,,,,@bofa_help,0.76,56.67,26.08,2.17,"[bofa_help, so, what's, magic, get, directly, operator]",https://twitter.com/suthecoder/status/946141961211273217,0
946141865656582150,"@BofA_Help I need to find out why an on-line retailer can't charge my card, and I WANT to do that without going through a voice menu.","<a href=""http://twitterrific.com"" rel=""nofollow"">Twitterrific</a>",en,2017-12-27 22:12,0,FALSE,0,946135485004550144,BofA_Help,18735040,14674121,Sue the Nasty Woman,suthecoder,"Coder. Baker. Mother. Biker. Gardener. Mathematician. Reader. Writer. Schwäbisch. Runner (unwilling). Yes, I know what he really meant by nasty. I am & proud!",2008-05-06 14:47,19210,8840,449,339,23,Philadelphia,en,Quito,-18000,,http://pbs.twimg.com/profile_images/53823022/legoSusieJ_normal.png,https://pbs.twimg.com/profile_images/53823022/legoSusieJ.png,FALSE,-1,,,,,,,,,,,[BofA_Help],,,,FALSE,FALSE,FALSE,FALSE,,,,,,,,,,,,,,@bofa_help,0.76,56.67,26.08,2.17,"[bofa_help, need, find, out, on-line, retailer, can't, charge, card, want, without, going, through, voice, menu]",https://twitter.com/suthecoder/status/946141865656582150,0
946141405596016641,@BofA_Help Thanks! It was a transfer fee,"<a href=""http://twitter.com/download/iphone"" rel=""nofollow"">Twitter for iPhone</a>",en,2017-12-27 22:11,0,FALSE,0,946140843546685441,BofA_Help,18735040,112565640,A'Jai-Mielle,A_Jamielle,yep thats right!,2010-02-08 23:44,2670,280,103,179,1,Dunwoody,en,Central Time (US & Canada),-21600,,http://pbs.twimg.com/profile_images/440296394562097152/kz5KzryQ_normal.jpeg,https://pbs.twimg.com/profile_images/440296394562097152/kz5KzryQ.jpeg,FALSE,-1,,,,,,,,,,,[BofA_Help],,,,FALSE,FALSE,FALSE,FALSE,,,,,,,,,,,,,,@bofa_help,1.74,14.92,1.56,9.54,"[bofa_help, thanks, was, transfer, fee]",https://twitter.com/A_Jamielle/status/946141405596016641,0
946141041538879488,@BofA_Help I need to know if my credit card was sent,"<a href=""https://mobile.twitter.com"" rel=""nofollow"">Twitter Lite</a>",en,2017-12-27 22:09,0,FALSE,0,-1,BofA_Help,18735040,767440773604372481,Willian Medina,Willian52673680,,2016-08-21 19:18,11,3,1,33,0,,es,,-1,,http://abs.twimg.com/sticky/default_profile_images/default_profile_normal.png,https://abs.twimg.com/sticky/default_profile_images/default_profile.png,TRUE,-1,,,,,,,,,,,[BofA_Help],,,,FALSE,FALSE,FALSE,FALSE,,,,,,,,,,,,,,@bofa_help,33.00,0.33,0.09,3.67,"[bofa_help, need, know, if, credit, card, was, sent]",https://twitter.com/Willian52673680/status/946141041538879488,0
946139487473631233,@BofA_Help I feel like I was charged a fee when I shouldn’t have been. Your rep seemed as if she didn’t care what I was trying to tell her,"<a href=""http://twitter.com/download/iphone"" rel=""nofollow"">Twitter for iPhone</a>",en,2017-12-27 22:03,0,FALSE,0,946138503515123716,BofA_Help,18735040,112565640,A'Jai-Mielle,A_Jamielle,yep thats right!,2010-02-08 23:44,2670,280,103,179,1,Dunwoody,en,Central Time (US & Canada),-21600,,http://pbs.twimg.com/profile_images/440296394562097152/kz5KzryQ_normal.jpeg,https://pbs.twimg.com/profile_images/440296394562097152/kz5KzryQ.jpeg,FALSE,-1,,,,,,,,,,,[BofA_Help],,,,FALSE,FALSE,FALSE,FALSE,,,,,,,,,,,,,,@bofa_help,1.74,14.92,1.56,9.54,"[bofa_help, feel, like, was, charged, fee, when, shouldn, have, been, rep, seemed, if, she, didn, care, was, trying, tell, her]",https://twitter.com/A_Jamielle/status/946139487473631233,0
946139145121837058,@BofA_Help I emailed them and will be checking to see if they got back to me,"<a href=""http://twitter.com/download/android"" rel=""nofollow"">Twitter for Android</a>",en,2017-12-27 22:02,0,FALSE,0,946022424260247554,BofA_Help,18735040,27293269,Matthew,KingRomainIII,"Hey I'm Matt, working Full-Time! Rapper, Pro Wrestler & Combat Vet. I ?? my Soon to be Fiancé! ??????????????????????? Iraq War Veteran",2009-03-28 19:40,14351,2507,352,2495,10,,en,Pacific Time (US & Canada),-28800,,http://pbs.twimg.com/profile_images/945575384107454464/Zrpz0Gu8_normal.jpg,https://pbs.twimg.com/profile_images/945575384107454464/Zrpz0Gu8.jpg,FALSE,-1,,,,,,,,,,,[BofA_Help],,,,FALSE,FALSE,FALSE,FALSE,,,,,,,,,,,,,,@bofa_help,7.09,5.75,1.00,5.72,"[bofa_help, emailed, them, will, checking, see, if, got, back]",https://twitter.com/KingRomainIII/status/946139145121837058,0
946136873381924864,@BofA_Help Now I’m at the fourth location and still unable to get a notary after I’ve scheduled 3 appts at 3 differ… https://t.co/ubU1LMJsKx,"<a href=""http://twitter.com/download/iphone"" rel=""nofollow"">Twitter for iPhone</a>",en,2017-12-27 21:53,0,FALSE,0,946123886051160064,OWietholter,878073954887282694,878073954887282694,Oliver Wietholter,OWietholter,Free bird,2017-06-23 2:15,24,9,13,116,0,,en,,-1,,http://pbs.twimg.com/profile_images/878099774678810624/z6mZ92EJ_normal.jpg,https://pbs.twimg.com/profile_images/878099774678810624/z6mZ92EJ.jpg,FALSE,-1,,,,,,,,,,,[BofA_Help],,[https://twitter.com/i/web/status/946136873381924864],,FALSE,FALSE,FALSE,TRUE,,,,,,,,,,,,,,@bofa_help,8.92,0.21,0.08,2.67,"[bofa_help, now, m, fourth, location, still, unable, get, notary, after, ve, scheduled, 3, appts, 3, differ, ubu1lmjskx]",https://twitter.com/OWietholter/status/946136873381924864,0
946134946241900544,@BofA_Help there is a house I'm interested in and the owner told me b of a took it over. How can I get info on the home or purchasing info?,"<a href=""http://twitter.com/download/android"" rel=""nofollow"">Twitter for Android</a>",en,2017-12-27 21:45,0,FALSE,0,-1,BofA_Help,18735040,2923275700,Kentucky Derpy,stinson_dmclay1,"Science Teacher, Doctoral Student, former New Yorker swimming with the sharks in CA.",2014-12-15 17:21,45,287,31,68,0,Southern California,en,,-1,,http://pbs.twimg.com/profile_images/845480568976359424/GwgbylG3_normal.jpg,https://pbs.twimg.com/profile_images/845480568976359424/GwgbylG3.jpg,FALSE,-1,,,,,,,,,,,[BofA_Help],,,,FALSE,FALSE,FALSE,FALSE,,,,,,,,,,,,,,@bofa_help,2.19,0.66,4.22,0.16,"[bofa_help, there, house, interested, owner, told, b, took, over, get, info, home, purchasing, info]",https://twitter.com/stinson_dmclay1/status/946134946241900544,0
946133716346261504,"RT @BofA_Help: @BrendaA88702558 Hi Brenda, I'm sorry to see this. Send us your full name/zip/phone# & we'll be happy to see how we can help…","<a href=""http://twitter.com/download/android"" rel=""nofollow"">Twitter for Android</a>",en,2017-12-27 21:40,0,TRUE,1,-1,,-1,860376388490153984,Brenda Alexander,BrendaA88702558,"I'm a CHILD OF GOD AND LOVE EVERYONE 
IN THE WORLD, I WISH I COULD BE THERE WITH YOU MY BABY DAUGHTER IS IN
HEAVEN WITH MY MOM AND MY DAD.",2017-05-05 6:11,136,1224,7,26,0,"Houston, TX",en,,-1,,http://abs.twimg.com/sticky/default_profile_images/default_profile_normal.png,https://abs.twimg.com/sticky/default_profile_images/default_profile.png,TRUE,-1,,,,,,,,,,,"[BofA_Help, BrendaA88702558]",,,,FALSE,FALSE,FALSE,FALSE,946061930921328640,"@BrendaA88702558 Hi Brenda, I'm sorry to see this. Send us your full name/zip/phone# & we'll be happy to see how we can help. ^ra","<a href=""http://www.radian6.com"" rel=""nofollow"">Radian6 -Social Media Management</a>",en,2017-12-27 16:55,18735040,Bank of America Help,BofA_Help,697196,22,117251,65040,1051,@bofa_help,3.71,5.23,47.08,0.11,"[brendaa88702558, hi, brenda, sorry, see, send, us, full, name, zip, phone, we'll, happy, see, help, ra]",https://twitter.com/BrendaA88702558/status/946133716346261504,4
946132829036994561,@BofA_Help J at @Staples refuses to talk to T at @BankofAmerica to clear this up. Even though someone at Staples ca… https://t.co/4GBDRfAvuB,"<a href=""http://twitter.com/download/android"" rel=""nofollow"">Twitter for Android</a>",en,2017-12-27 21:36,0,FALSE,0,946119073427009542,BofA_Help,18735040,213921063,A Billington,ajanifaye,If you only knew...,2010-11-10 3:12,3447,461,91,175,3,,en,Pacific Time (US & Canada),-28800,https://t.co/yH5d7tC0NK,http://pbs.twimg.com/profile_images/2473805479/ze7d76sr601o3smj3bnl_normal.jpeg,https://pbs.twimg.com/profile_images/2473805479/ze7d76sr601o3smj3bnl.jpeg,FALSE,-1,,,,,,,,,,,"[BofA_Help, Staples, BankofAmerica]",,[https://twitter.com/i/web/status/946132829036994561],,FALSE,FALSE,FALSE,TRUE,,,,,,,,,,,,,,@bofa_help,1.92,19.70,2.63,7.48,"[bofa_help, j, staples, refuses, talk, bankofamerica, clear, up, even, though, someone, staples, ca, 4gbdrfavub]",https://twitter.com/ajanifaye/status/946132829036994561,0
946132816877809664,"@BofA_Help At the Ponce De Leon location in Atlanta, and it also happens at The Peachtree Center location often. As… https://t.co/HMHp4ERaos","<a href=""http://twitter.com/download/iphone"" rel=""nofollow"">Twitter for iPhone</a>",en,2017-12-27 21:36,0,FALSE,0,946041558356328449,BofA_Help,18735040,317221621,Pete W Fisher,petereytown,"Reynldstown in the house, proud pit bull rescue dad, cook, eat, drink, love....PMA Positive Mental Attitude",2011-06-14 16:23,3216,1996,218,1073,9,"ATL, GA",en,,-1,,http://pbs.twimg.com/profile_images/736296939768012800/72iRAg2E_normal.jpg,https://pbs.twimg.com/profile_images/736296939768012800/72iRAg2E.jpg,FALSE,-1,,,,,,,,,,,[BofA_Help],,[https://twitter.com/i/web/status/946132816877809664],,FALSE,FALSE,FALSE,TRUE,,,,,,,,,,,,,,@bofa_help,4.92,3.00,1.86,1.61,"[bofa_help, ponce, de, leon, location, atlanta, also, happens, peachtree, center, location, often, hmhp4eraos]",https://twitter.com/petereytown/status/946132816877809664,0
946132029032337409,@BofA_Help How do I get to an operator without wasting my time in your menu?,"<a href=""http://twitter.com"" rel=""nofollow"">Twitter Web Client</a>",en,2017-12-27 21:33,0,FALSE,0,-1,BofA_Help,18735040,14674121,Sue the Nasty Woman,suthecoder,"Coder. Baker. Mother. Biker. Gardener. Mathematician. Reader. Writer. Schwäbisch. Runner (unwilling). Yes, I know what he really meant by nasty. I am & proud!",2008-05-06 14:47,19210,8840,449,339,23,Philadelphia,en,Quito,-18000,,http://pbs.twimg.com/profile_images/53823022/legoSusieJ_normal.png,https://pbs.twimg.com/profile_images/53823022/legoSusieJ.png,FALSE,-1,,,,,,,,,,,[BofA_Help],,,,FALSE,FALSE,FALSE,FALSE,,,,,,,,,,,,,,@bofa_help,0.76,56.67,26.08,2.17,"[bofa_help, get, operator, without, wasting, time, menu]",https://twitter.com/suthecoder/status/946132029032337409,0
946130944502755329,@BofA_Help Checking account service,"<a href=""http://twitter.com/download/iphone"" rel=""nofollow"">Twitter for iPhone</a>",en,2017-12-27 21:29,0,FALSE,0,946129818894118918,BofA_Help,18735040,112565640,A'Jai-Mielle,A_Jamielle,yep thats right!,2010-02-08 23:44,2670,280,103,179,1,Dunwoody,en,Central Time (US & Canada),-21600,,http://pbs.twimg.com/profile_images/440296394562097152/kz5KzryQ_normal.jpeg,https://pbs.twimg.com/profile_images/440296394562097152/kz5KzryQ.jpeg,FALSE,-1,,,,,,,,,,,[BofA_Help],,,,FALSE,FALSE,FALSE,FALSE,,,,,,,,,,,,,,@bofa_help,1.74,14.92,1.56,9.54,"[bofa_help, checking, account, service]",https://twitter.com/A_Jamielle/status/946130944502755329,0
946127171298496513,@BofA_Help I’ll wait and see if it clears. ?? If it doesn’t fix I’ll be calling.,"<a href=""http://twitter.com/download/iphone"" rel=""nofollow"">Twitter for iPhone</a>",en,2017-12-27 21:14,0,FALSE,0,946124493348655109,BofA_Help,18735040,791029767310970880,Tabetha,RidingsTabetha,Married. Mama to two beauties!,2016-10-25 21:32,130,98,11,141,0,Texas!,en,,-1,,http://pbs.twimg.com/profile_images/835648429606895616/hezT_tD1_normal.jpg,https://pbs.twimg.com/profile_images/835648429606895616/hezT_tD1.jpg,FALSE,-1,,,,,,,,,,,[BofA_Help],,,,FALSE,FALSE,FALSE,FALSE,,,,,,,,,,,,,,@bofa_help,12.82,0.92,0.70,1.33,"[bofa_help, ll, wait, see, if, clears, if, doesn, fix, ll, calling]",https://twitter.com/RidingsTabetha/status/946127171298496513,0
946126954004189184,@BofA_Help Keep hiring those fire joints,"<a href=""http://twitter.com/download/iphone"" rel=""nofollow"">Twitter for iPhone</a>",en,2017-12-27 21:13,0,FALSE,0,946126698009030656,BofA_Help,18735040,1700639376,Björn ironside,Madem3n_NaFeast,Just a Bronx Nigga Its MadeM3n SZN LAKERNATION PATSNSTION LIVERPOOL NATION YANKEEEEES RIP TJ,2013-08-26 1:57,13128,1593,219,153,1,,en,Atlantic Time (Canada),-14400,,http://pbs.twimg.com/profile_images/932090234954711040/hd7gj_LM_normal.jpg,https://pbs.twimg.com/profile_images/932090234954711040/hd7gj_LM.jpg,FALSE,-1,,,,,,,,,,,[BofA_Help],,,,FALSE,FALSE,FALSE,FALSE,,,,,,,,,,,,,,@bofa_help,0.70,85.80,10.41,8.24,"[bofa_help, keep, hiring, those, fire, joints]",https://twitter.com/Madem3n_NaFeast/status/946126954004189184,0
946125548945924096,@BofA_Help Thanks for your help today. Great customer service at BOA,"<a href=""http://twitter.com/download/iphone"" rel=""nofollow"">Twitter for iPhone</a>",en,2017-12-27 21:08,0,FALSE,0,946008221176750080,BofA_Help,18735040,303844487,Carmel Jordan,carmel_jordan,Manager of Talent Aquistion for PLS Financial Services.Pathologically positive and in love with life.,2011-05-23 14:25,2449,355,521,1296,24,Chiacgo,en,,-1,https://t.co/iZh8EmJzcd,http://pbs.twimg.com/profile_images/729470895958466561/qU1VvRwJ_normal.jpg,https://pbs.twimg.com/profile_images/729470895958466561/qU1VvRwJ.jpg,FALSE,-1,,,,,,,,,,,[BofA_Help],,,,FALSE,FALSE,FALSE,FALSE,,,,,,,,,,,,,,@bofa_help,2.49,1.89,0.27,6.90,"[bofa_help, thanks, help, today, great, customer, service, boa]",https://twitter.com/carmel_jordan/status/946125548945924096,0
946125467077283841,What a very unpleasant call I had with @BofA_Help ??,"<a href=""http://twitter.com/download/iphone"" rel=""nofollow"">Twitter for iPhone</a>",en,2017-12-27 21:07,0,FALSE,0,-1,,-1,112565640,A'Jai-Mielle,A_Jamielle,yep thats right!,2010-02-08 23:44,2670,280,103,179,1,Dunwoody,en,Central Time (US & Canada),-21600,,http://pbs.twimg.com/profile_images/440296394562097152/kz5KzryQ_normal.jpeg,https://pbs.twimg.com/profile_images/440296394562097152/kz5KzryQ.jpeg,FALSE,-1,,,,,,,,,,,[BofA_Help],,,,FALSE,FALSE,FALSE,FALSE,,,,,,,,,,,,,,@bofa_help,1.74,14.92,1.56,9.54,"[very, unpleasant, call, had, bofa_help]",https://twitter.com/A_Jamielle/status/946125467077283841,0
946125446361448448,I've sent a DM to @staples and @BofA_Help. We'll see what happens. @BankofAmerica,"<a href=""http://twitter.com/download/android"" rel=""nofollow"">Twitter for Android</a>",en,2017-12-27 21:07,0,FALSE,0,946115898636623873,ajanifaye,213921063,213921063,A Billington,ajanifaye,If you only knew...,2010-11-10 3:12,3447,461,91,175,3,,en,Pacific Time (US & Canada),-28800,https://t.co/yH5d7tC0NK,http://pbs.twimg.com/profile_images/2473805479/ze7d76sr601o3smj3bnl_normal.jpeg,https://pbs.twimg.com/profile_images/2473805479/ze7d76sr601o3smj3bnl.jpeg,FALSE,-1,,,,,,,,,,,"[Staples, BofA_Help, BankofAmerica]",,,,FALSE,FALSE,FALSE,FALSE,,,,,,,,,,,,,,@bofa_help,1.92,19.70,2.63,7.48,"[i've, sent, dm, staples, bofa_help, we'll, see, happens, bankofamerica]",https://twitter.com/ajanifaye/status/946125446361448448,0
946125141989261312,@BofA_Help These pending charges are completely new charges because the others have already cleared. So i need to s… https://t.co/O1Gs4EQ7bU,"<a href=""http://twitter.com/download/iphone"" rel=""nofollow"">Twitter for iPhone</a>",en,2017-12-27 21:06,0,FALSE,0,946124493348655109,BofA_Help,18735040,791029767310970880,Tabetha,RidingsTabetha,Married. Mama to two beauties!,2016-10-25 21:32,130,98,11,141,0,Texas!,en,,-1,,http://pbs.twimg.com/profile_images/835648429606895616/hezT_tD1_normal.jpg,https://pbs.twimg.com/profile_images/835648429606895616/hezT_tD1.jpg,FALSE,-1,,,,,,,,,,,[BofA_Help],,[https://twitter.com/i/web/status/946125141989261312],,FALSE,FALSE,FALSE,TRUE,,,,,,,,,,,,,,@bofa_help,12.82,0.92,0.70,1.33,"[bofa_help, these, pending, charges, completely, charges, because, others, have, already, cleared, so, need, s, o1gs4eq7bu]",https://twitter.com/RidingsTabetha/status/946125141989261312,0
946124984014970880,@BofA_Help I’ve made 3 appts 3 times and still haven’t been able to get it done. What a waste of time and banking w… https://t.co/qoNvvDGHwl,"<a href=""http://twitter.com/download/iphone"" rel=""nofollow"">Twitter for iPhone</a>",en,2017-12-27 21:05,0,FALSE,0,946123886051160064,OWietholter,878073954887282694,878073954887282694,Oliver Wietholter,OWietholter,Free bird,2017-06-23 2:15,24,9,13,116,0,,en,,-1,,http://pbs.twimg.com/profile_images/878099774678810624/z6mZ92EJ_normal.jpg,https://pbs.twimg.com/profile_images/878099774678810624/z6mZ92EJ.jpg,FALSE,-1,,,,,,,,,,,[BofA_Help],,[https://twitter.com/i/web/status/946124984014970880],,FALSE,FALSE,FALSE,TRUE,,,,,,,,,,,,,,@bofa_help,8.92,0.21,0.08,2.67,"[bofa_help, ve, made, 3, appts, 3, times, still, haven, been, able, get, done, waste, time, banking, w, qonvvdghwl]",https://twitter.com/OWietholter/status/946124984014970880,0
946124966331867137,Well I am quite pleased...@BofA_Help was actually awesome and assisted me to the standard I felt BOA should be. Thank you!!!,"<a href=""http://www.tweetcaster.com"" rel=""nofollow"">TweetCaster for Android</a>",en,2017-12-27 21:05,0,FALSE,0,-1,,-1,55617190,Not Telling,Ayaka917,,2009-07-10 17:31,2599,18,93,549,3,ATL,en,Eastern Time (US & Canada),-18000,,http://pbs.twimg.com/profile_images/2691733182/310aac60ae8ef3ab91e0e4aabbb71a91_normal.jpeg,https://pbs.twimg.com/profile_images/2691733182/310aac60ae8ef3ab91e0e4aabbb71a91.jpeg,FALSE,-1,,,,,,,,,,,[BofA_Help],,,,FALSE,FALSE,FALSE,FALSE,,,,,,,,,,,,,,@bofa_help,5.90,4.73,0.03,144.39,"[well, quite, pleased, bofa_help, was, actually, awesome, assisted, standard, felt, boa, should, thank]",https://twitter.com/Ayaka917/status/946124966331867137,0
946124872157224960,@BofA_Help I DM’d you guys please respond.,"<a href=""http://twitter.com/download/iphone"" rel=""nofollow"">Twitter for iPhone</a>",en,2017-12-27 21:05,0,FALSE,0,-1,BofA_Help,18735040,81387267,Anthony,UniversaI,EVERYBODY EATS,2009-10-10 16:16,24900,6230,459,230,3,"Wichita, KS",en,Mountain Time (US & Canada),-25200,https://t.co/D1uU7cDESG,http://pbs.twimg.com/profile_images/801327171889430529/BwR6qdUL_normal.jpg,https://pbs.twimg.com/profile_images/801327171889430529/BwR6qdUL.jpg,FALSE,-1,,,,,,,,,,,[BofA_Help],,,,FALSE,FALSE,FALSE,FALSE,,,,,,,,,,,,,,@bofa_help,0.50,108.26,27.09,4.00,"[bofa_help, dm, d, guys, please, respond]",https://twitter.com/UniversaI/status/946124872157224960,0
946123886051160064,@BofA_Help I’ve been to three different locations within a week trying to get a notary and now I have to go to a up… https://t.co/ctLxVM0so1,"<a href=""http://twitter.com/download/iphone"" rel=""nofollow"">Twitter for iPhone</a>",en,2017-12-27 21:01,0,FALSE,0,946123141788635136,BofA_Help,18735040,878073954887282694,Oliver Wietholter,OWietholter,Free bird,2017-06-23 2:15,24,9,13,116,0,,en,,-1,,http://pbs.twimg.com/profile_images/878099774678810624/z6mZ92EJ_normal.jpg,https://pbs.twimg.com/profile_images/878099774678810624/z6mZ92EJ.jpg,FALSE,-1,,,,,,,,,,,[BofA_Help],,[https://twitter.com/i/web/status/946123886051160064],,FALSE,FALSE,FALSE,TRUE,,,,,,,,,,,,,,@bofa_help,8.92,0.21,0.08,2.67,"[bofa_help, ve, been, three, different, locations, within, week, trying, get, notary, now, have, go, up, ctlxvm0so1]",https://twitter.com/OWietholter/status/946123886051160064,0
946122070198382592,@BofA_Help @Chase And do I even need to talk about how useless the claims department rep was? She was laughing with… https://t.co/QCgIPUTUFd,"<a href=""http://twitter.com/download/iphone"" rel=""nofollow"">Twitter for iPhone</a>",en,2017-12-27 20:54,0,FALSE,0,946121651632029696,Magnanimous100,888575345950998528,888575345950998528,Erik,Magnanimous100,??????? Kick - MAGNANIMOUS,2017-07-22 1:44,2937,937,256,164,0,"Los Angeles, CA",en,,-1,,http://pbs.twimg.com/profile_images/945742577013104640/L02XnqCM_normal.jpg,https://pbs.twimg.com/profile_images/945742577013104640/L02XnqCM.jpg,FALSE,-1,,,,,,,,,,,"[BofA_Help, Chase]",,[https://twitter.com/i/web/status/946122070198382592],,FALSE,FALSE,FALSE,TRUE,,,,,,,,,,,,,,@bofa_help,0.64,17.91,5.71,3.13,"[bofa_help, chase, even, need, talk, about, useless, claims, department, rep, was, she, was, laughing, qcgiputufd]",https://twitter.com/Magnanimous100/status/946122070198382592,0
946121651632029696,@BofA_Help No thanks. I was on hold for 33 minutes. Then had to talk to the machine again for another 8 minutes. An… https://t.co/w6OZvrfVBF,"<a href=""http://twitter.com/download/iphone"" rel=""nofollow"">Twitter for iPhone</a>",en,2017-12-27 20:52,0,FALSE,0,946113590561566720,BofA_Help,18735040,888575345950998528,Erik,Magnanimous100,??????? Kick - MAGNANIMOUS,2017-07-22 1:44,2937,937,256,164,0,"Los Angeles, CA",en,,-1,,http://pbs.twimg.com/profile_images/945742577013104640/L02XnqCM_normal.jpg,https://pbs.twimg.com/profile_images/945742577013104640/L02XnqCM.jpg,FALSE,-1,,,,,,,,,,,[BofA_Help],,[https://twitter.com/i/web/status/946121651632029696],,FALSE,FALSE,FALSE,TRUE,,,,,,,,,,,,,,@bofa_help,0.64,17.91,5.71,3.13,"[bofa_help, no, thanks, was, hold, 33, minutes, then, had, talk, machine, again, another, 8, minutes, w6ozvrfvbf]",https://twitter.com/Magnanimous100/status/946121651632029696,0
946120924100734976,@BofA_Help Already spent an hour on the phone getting.nowhere fast. Am now looking for another bsnk.,"<a href=""http://twitter.com/download/android"" rel=""nofollow"">Twitter for Android</a>",en,2017-12-27 20:49,0,FALSE,0,946110909252071424,BofA_Help,18735040,16214580,Lenscapper1,Lenscapper1,Feminist filmmaker furiously reinventing the Chick flick,2008-09-10 1:18,15993,7440,1474,2158,70,"Planet Y'mnod (Chicago, IL)",en,America/Chicago,-21600,,http://pbs.twimg.com/profile_images/567931789289603072/AE9GiPbH_normal.jpeg,https://pbs.twimg.com/profile_images/567931789289603072/AE9GiPbH.jpeg,FALSE,-1,,,,,,,,,,,[BofA_Help],,,,FALSE,FALSE,FALSE,FALSE,,,,,,,,,,,,,,@bofa_help,1.46,7.41,3.45,2.15,"[bofa_help, already, spent, hour, phone, getting.nowhere, fast, now, looking, another, bsnk]",https://twitter.com/Lenscapper1/status/946120924100734976,0
946120255604166656,@BofA_Help please check DM,"<a href=""http://twitter.com/download/iphone"" rel=""nofollow"">Twitter for iPhone</a>",en,2017-12-27 20:47,0,FALSE,0,-1,BofA_Help,18735040,81387267,Anthony,UniversaI,EVERYBODY EATS,2009-10-10 16:16,24900,6230,459,230,3,"Wichita, KS",en,Mountain Time (US & Canada),-25200,https://t.co/D1uU7cDESG,http://pbs.twimg.com/profile_images/801327171889430529/BwR6qdUL_normal.jpg,https://pbs.twimg.com/profile_images/801327171889430529/BwR6qdUL.jpg,FALSE,-1,,,,,,,,,,,[BofA_Help],,,,FALSE,FALSE,FALSE,FALSE,,,,,,,,,,,,,,@bofa_help,0.50,108.26,27.09,4.00,"[bofa_help, please, check, dm]",https://twitter.com/UniversaI/status/946120255604166656,0
946119925210415105,"@BofA_Help So, i need to dispute the new charges.","<a href=""http://twitter.com/download/iphone"" rel=""nofollow"">Twitter for iPhone</a>",en,2017-12-27 20:45,0,FALSE,0,946119678988029954,RidingsTabetha,791029767310970880,791029767310970880,Tabetha,RidingsTabetha,Married. Mama to two beauties!,2016-10-25 21:32,130,98,11,141,0,Texas!,en,,-1,,http://pbs.twimg.com/profile_images/835648429606895616/hezT_tD1_normal.jpg,https://pbs.twimg.com/profile_images/835648429606895616/hezT_tD1.jpg,FALSE,-1,,,,,,,,,,,[BofA_Help],,,,FALSE,FALSE,FALSE,FALSE,,,,,,,,,,,,,,@bofa_help,12.82,0.92,0.70,1.33,"[bofa_help, so, need, dispute, charges]",https://twitter.com/RidingsTabetha/status/946119925210415105,0
946119678988029954,@BofA_Help I’m getting double charged by iTunes.. multiple charges that cleared on the 22nd are showing pending aga… https://t.co/Q93ulIuQY4,"<a href=""http://twitter.com/download/iphone"" rel=""nofollow"">Twitter for iPhone</a>",en,2017-12-27 20:44,0,FALSE,0,946119123834228736,BofA_Help,18735040,791029767310970880,Tabetha,RidingsTabetha,Married. Mama to two beauties!,2016-10-25 21:32,130,98,11,141,0,Texas!,en,,-1,,http://pbs.twimg.com/profile_images/835648429606895616/hezT_tD1_normal.jpg,https://pbs.twimg.com/profile_images/835648429606895616/hezT_tD1.jpg,FALSE,-1,,,,,,,,,,,[BofA_Help],,[https://twitter.com/i/web/status/946119678988029954],,FALSE,FALSE,FALSE,TRUE,,,,,,,,,,,,,,@bofa_help,12.82,0.92,0.70,1.33,"[bofa_help, m, getting, double, charged, itunes, multiple, charges, cleared, 22nd, showing, pending, aga, q93uliuqy4]",https://twitter.com/RidingsTabetha/status/946119678988029954,0
946118817859563521,@BofA_Help @BofAML #app is down https://t.co/JqYxYEPqs6,"<a href=""http://twitter.com/download/iphone"" rel=""nofollow"">Twitter for iPhone</a>",en,2017-12-27 20:41,0,FALSE,0,-1,BofA_Help,18735040,2919303936,PC MAxXx ITE Solutio,PCMAxXx,"PC MAxXx ITE Solutions, LLC",2014-12-05 6:58,525,422,92,431,5,"Aurora, CO",en,,-1,https://t.co/VK4x3szxGE,http://pbs.twimg.com/profile_images/882354664422768640/tG8VYXQ4_normal.jpg,https://pbs.twimg.com/profile_images/882354664422768640/tG8VYXQ4.jpg,FALSE,-1,,,,,,,,,,,"[BofA_Help, BofAML]",[app],,[https://twitter.com/PCMAxXx/status/946118817859563521/photo/1],FALSE,FALSE,FALSE,FALSE,,,,,,,,,,,,,,@bofa_help,4.68,1.22,0.98,1.24,"[bofa_help, bofaml, app, down, jqyxyepqs6]",https://twitter.com/PCMAxXx/status/946118817859563521,0
946115898636623873,Canceled an online @Staples order on Dec 20. Nothing was shipped. They're still holding about $1000 on my… https://t.co/QSlw8LIU4F,"<a href=""http://twitter.com/download/android"" rel=""nofollow"">Twitter for Android</a>",en,2017-12-27 20:29,0,FALSE,0,-1,,-1,213921063,A Billington,ajanifaye,If you only knew...,2010-11-10 3:12,3447,461,91,175,3,,en,Pacific Time (US & Canada),-28800,https://t.co/yH5d7tC0NK,http://pbs.twimg.com/profile_images/2473805479/ze7d76sr601o3smj3bnl_normal.jpeg,https://pbs.twimg.com/profile_images/2473805479/ze7d76sr601o3smj3bnl.jpeg,FALSE,-1,,,,,,,,,,,[Staples],,[https://twitter.com/i/web/status/946115898636623873],,FALSE,FALSE,FALSE,TRUE,,,,,,,,,,,,,,@bofa_help,1.92,19.70,2.63,7.48,"[canceled, online, staples, order, dec, 20, nothing, was, shipped, they're, still, holding, about, qslw8liu4f]",https://twitter.com/ajanifaye/status/946115898636623873,0
946115643765608448,@BofA_Help  can someone contact me about disputing double charges on my account!,"<a href=""http://twitter.com/download/iphone"" rel=""nofollow"">Twitter for iPhone</a>",en,2017-12-27 20:28,0,FALSE,0,-1,BofA_Help,18735040,791029767310970880,Tabetha,RidingsTabetha,Married. Mama to two beauties!,2016-10-25 21:32,130,98,11,141,0,Texas!,en,,-1,,http://pbs.twimg.com/profile_images/835648429606895616/hezT_tD1_normal.jpg,https://pbs.twimg.com/profile_images/835648429606895616/hezT_tD1.jpg,FALSE,-1,,,,,,,,,,,[BofA_Help],,,,FALSE,FALSE,FALSE,FALSE,,,,,,,,,,,,,,@bofa_help,12.82,0.92,0.70,1.33,"[bofa_help, someone, contact, about, disputing, double, charges, account]",https://twitter.com/RidingsTabetha/status/946115643765608448,0
946109982197649411,RT @Ayaka917: @BofA_Help So I really thought every bank gave one complimentary fee reversal for the year....Guess B… https://t.co/6U6kU7S7UK,"<a href=""https://ifttt.com"" rel=""nofollow"">IFTTT</a>",en,2017-12-27 20:06,0,FALSE,0,-1,,-1,942399612974923777,OverdraftApps,overdraftapps,??,2017-12-17 14:22,185,0,3,7,0,United States,en,,-1,https://t.co/8WLu6w4lf4,http://pbs.twimg.com/profile_images/946074842855563264/R-PA2XVp_normal.jpg,https://pbs.twimg.com/profile_images/946074842855563264/R-PA2XVp.jpg,FALSE,-1,,,,,,,,,,,"[Ayaka917, BofA_Help]",,[https://twitter.com/i/web/status/946109982197649411],,FALSE,FALSE,FALSE,TRUE,,,,,,,,,,,,,,@bofa_help,2.33,26.43,0.00,0.00,"[ayaka917, bofa_help, so, really, thought, every, bank, gave, one, complimentary, fee, reversal, year, guess, b, 6u6ku7s7uk]",https://twitter.com/overdraftapps/status/946109982197649411,0
946108591311900672,@BofA_Help I’ve called multiple times regarding your need to do an inspection. Each time I end up in phone tree hel… https://t.co/xGhCNjk2L6,"<a href=""http://twitter.com/download/iphone"" rel=""nofollow"">Twitter for iPhone</a>",en,2017-12-27 20:00,0,FALSE,0,-1,BofA_Help,18735040,462382137,JP,JonTheGeneral,"Christian father of 4, husband, son of parents who are going on 50 years together. OSU Cowboys Pitt State Gorillas hunting fishing golf tennis",2012-01-12 22:13,656,784,37,429,1,"Highland Village, TX",en,Central Time (US & Canada),-21600,,http://pbs.twimg.com/profile_images/667872052016054272/lEfBUzQn_normal.jpg,https://pbs.twimg.com/profile_images/667872052016054272/lEfBUzQn.jpg,FALSE,-1,,,,,,,,,,,[BofA_Help],,[https://twitter.com/i/web/status/946108591311900672],,FALSE,FALSE,FALSE,TRUE,,,,,,,,,,,,,,@bofa_help,11.59,1.53,1.83,0.84,"[bofa_help, ve, called, multiple, times, regarding, need, inspection, each, time, end, up, phone, tree, hel, xghcnjk2l6]",https://twitter.com/JonTheGeneral/status/946108591311900672,0
946108372868268032,@BofA_Help I just LVM. You can call me back at any time.,"<a href=""http://twitter.com/download/iphone"" rel=""nofollow"">Twitter for iPhone</a>",en,2017-12-27 19:59,0,FALSE,0,946107988523323392,BofA_Help,18735040,24618393,Val E.,SereneRoc,"Attorney, Grant Writer, Singer/Songwriter, Musician, Poet, Artist, Blogger, Lover, NYC native ... Bottom line: Make me laugh and I'll love you for life!",2009-03-16 0:41,234,95,59,126,4,"New York, NY",en,Eastern Time (US & Canada),-18000,,http://pbs.twimg.com/profile_images/461145350082818048/e4Z7Dfjf_normal.jpeg,https://pbs.twimg.com/profile_images/461145350082818048/e4Z7Dfjf.jpeg,FALSE,-1,,,,,,,,,,,[BofA_Help],,,,FALSE,FALSE,FALSE,FALSE,,,,,,,,,,,,,,@bofa_help,2.14,1.86,0.75,2.46,"[bofa_help, just, lvm, call, back, time]",https://twitter.com/SereneRoc/status/946108372868268032,0
946103081925832704,@BofA_Help What's the point.  Not like it will be changed.  My tip would be to start looking at all your branches a… https://t.co/W33EIKmAeU,"<a href=""http://twitter.com/download/android"" rel=""nofollow"">Twitter for Android</a>",en,2017-12-27 19:38,1,FALSE,0,946102565338583042,BofA_Help,18735040,259918466,Elscrapo2,ElScrapo2,"Mostly bout that #CrushCity and #ClutchCity

#TeamStipe",2011-03-02 21:26,1872,586,73,275,2,Hustletown ,en,Eastern Time (US & Canada),-18000,,http://pbs.twimg.com/profile_images/719580653642129408/IIViRmaM_normal.jpg,https://pbs.twimg.com/profile_images/719580653642129408/IIViRmaM.jpg,FALSE,-1,,,,,,,,,,,[BofA_Help],,[https://twitter.com/i/web/status/946103081925832704],,FALSE,FALSE,FALSE,TRUE,,,,,,,,,,,,,,@bofa_help,3.77,6.81,2.13,3.19,"[bofa_help, what's, point, like, will, changed, tip, would, start, looking, all, branches, w33eikmaeu]",https://twitter.com/ElScrapo2/status/946103081925832704,1
946102454839492608,@BofA_Help Yes there is - Instead of spending hundred of billions on stock buy backs why don't you hire some people… https://t.co/6fuL0aP8yP,"<a href=""http://twitter.com"" rel=""nofollow"">Twitter Web Client</a>",en,2017-12-27 19:36,0,FALSE,0,946063434281562113,BofA_Help,18735040,803401183377244160,Johnny Johnson Sr,J_Johnson_Sr,Don't read this,2016-11-29 0:52,3288,6564,60,116,1,,en,Pacific Time (US & Canada),-28800,,http://pbs.twimg.com/profile_images/822245331102416896/TUjTPZuU_normal.jpg,https://pbs.twimg.com/profile_images/822245331102416896/TUjTPZuU.jpg,FALSE,-1,,,,,,,,,,,[BofA_Help],,[https://twitter.com/i/web/status/946102454839492608],,FALSE,FALSE,FALSE,TRUE,,,,,,,,,,,,,,@bofa_help,1.93,28.34,56.59,0.50,"[bofa_help, yes, there, instead, spending, hundred, billions, stock, buy, backs, don't, hire, some, people, 6ful0ap8yp]",https://twitter.com/J_Johnson_Sr/status/946102454839492608,0
946100819056721920,@BofA_Help you suck!,"<a href=""http://twitter.com/download/iphone"" rel=""nofollow"">Twitter for iPhone</a>",en,2017-12-27 19:29,0,FALSE,0,-1,BofA_Help,18735040,2775439974,??,Ghsrdsht,"I ?? freedom of speech, mostly tweet in Farsi, can't stand BS either in Farsi/English. ""if you think sth makes sense, it doesn't mean it's the law""",2014-08-28 1:57,1568,1743,41,58,1,United States,en,Eastern Time (US & Canada),-18000,,http://pbs.twimg.com/profile_images/923784453322809344/0PQe-jNK_normal.jpg,https://pbs.twimg.com/profile_images/923784453322809344/0PQe-jNK.jpg,FALSE,-1,,,,,,,,,,,[BofA_Help],,,,FALSE,FALSE,FALSE,FALSE,,,,,,,,,,,,,,@bofa_help,1.41,27.03,30.05,0.90,"[bofa_help, suck]",https://twitter.com/Ghsrdsht/status/946100819056721920,0
946099293257003009,@BofA_Help I can't initiate dispute online on my credit card. The feature is disabled on my account.,"<a href=""http://twitter.com/download/android"" rel=""nofollow"">Twitter for Android</a>",en,2017-12-27 19:23,0,FALSE,0,-1,BofA_Help,18735040,944389147837394944,Zm,Zm59466460,,2017-12-23 2:08,1,0,0,1,0,,en,,-1,,http://abs.twimg.com/sticky/default_profile_images/default_profile_normal.png,https://abs.twimg.com/sticky/default_profile_images/default_profile.png,TRUE,-1,,,,,,,,,,,[BofA_Help],,,,FALSE,FALSE,FALSE,FALSE,,,,,,,,,,,,,,@bofa_help,0.00,1.00,0.00,0.00,"[bofa_help, can't, initiate, dispute, online, credit, card, feature, disabled, account]",https://twitter.com/Zm59466460/status/946099293257003009,0
946097453991727104,@BofA_Help you really need to improve your phone systems since that is the only way to contact you.  My call for a… https://t.co/eCOTTCpM4J,"<a href=""http://twitter.com"" rel=""nofollow"">Twitter Web Client</a>",en,2017-12-27 19:16,0,FALSE,0,-1,BofA_Help,18735040,43203367,Alex Shiferman,ashife,,2009-05-28 21:41,178,1,66,106,1,"New York, NY, USA",en,Quito,-18000,,http://abs.twimg.com/sticky/default_profile_images/default_profile_normal.png,https://abs.twimg.com/sticky/default_profile_images/default_profile.png,TRUE,-1,,,,,,,,,,,[BofA_Help],,[https://twitter.com/i/web/status/946097453991727104],,FALSE,FALSE,FALSE,TRUE,,,,,,,,,,,,,,@bofa_help,1.61,1.68,0.01,178.00,"[bofa_help, really, need, improve, phone, systems, since, only, way, contact, call, ecottcpm4j]",https://twitter.com/ashife/status/946097453991727104,0
946096052808982528,Can i have my credit card to a canada address? @BofA_Help,"<a href=""http://twitter.com/download/android"" rel=""nofollow"">Twitter for Android</a>",en,2017-12-27 19:10,0,FALSE,0,-1,,-1,592902329,Feng Hu,FengHu3,It's important to be nice,2012-05-28 17:21,121,112,9,110,0,"Massachusetts, USA",en,,-1,,http://pbs.twimg.com/profile_images/852683933754032128/E7zdTKMT_normal.jpg,https://pbs.twimg.com/profile_images/852683933754032128/E7zdTKMT.jpg,FALSE,-1,,,,,,,,,,,[BofA_Help],,,,FALSE,FALSE,FALSE,FALSE,,,,,,,,,,,,,,@bofa_help,12.22,1.10,1.02,1.08,"[have, credit, card, canada, address, bofa_help]",https://twitter.com/FengHu3/status/946096052808982528,0
946094554935042048,@BofA_Help So I really thought every bank gave one complimentary fee reversal for the year....Guess BOA doesn't sin… https://t.co/bKCFQb4NLr,"<a href=""http://www.tweetcaster.com"" rel=""nofollow"">TweetCaster for Android</a>",en,2017-12-27 19:04,0,FALSE,0,-1,BofA_Help,18735040,55617190,Not Telling,Ayaka917,,2009-07-10 17:31,2599,18,93,549,3,ATL,en,Eastern Time (US & Canada),-18000,,http://pbs.twimg.com/profile_images/2691733182/310aac60ae8ef3ab91e0e4aabbb71a91_normal.jpeg,https://pbs.twimg.com/profile_images/2691733182/310aac60ae8ef3ab91e0e4aabbb71a91.jpeg,FALSE,-1,,,,,,,,,,,[BofA_Help],,[https://twitter.com/i/web/status/946094554935042048],,FALSE,FALSE,FALSE,TRUE,,,,,,,,,,,,,,@bofa_help,5.90,4.73,0.03,144.39,"[bofa_help, so, really, thought, every, bank, gave, one, complimentary, fee, reversal, year, guess, boa, doesn't, sin, bkcfqb4nlr]",https://twitter.com/Ayaka917/status/946094554935042048,0
946093474343895041,@BofA_Help I had to make a large deposit.,"<a href=""http://twitter.com/download/iphone"" rel=""nofollow"">Twitter for iPhone</a>",en,2017-12-27 19:00,0,FALSE,0,946090252078342144,BofA_Help,18735040,1061540988,artie aronoff,artaronoff,,2013-01-04 22:06,49,1,29,107,0,,en,,-1,,http://abs.twimg.com/sticky/default_profile_images/default_profile_normal.png,https://abs.twimg.com/sticky/default_profile_images/default_profile.png,TRUE,-1,,,,,,,,,,,[BofA_Help],,,,FALSE,FALSE,FALSE,FALSE,,,,,,,,,,,,,,@bofa_help,3.69,0.46,0.01,49.00,"[bofa_help, had, make, large, deposit]",https://twitter.com/artaronoff/status/946093474343895041,0
946090439425253376,"@BofA_Help Ty for the reply,,, all is good,,, helping parents,,, mom found a place,,,","<a href=""http://twitter.com/download/iphone"" rel=""nofollow"">Twitter for iPhone</a>",en,2017-12-27 18:48,0,FALSE,0,946089245827108864,BofA_Help,18735040,422141832,SteveKelly88,StephenKelly88,http://t.co/bwRB3XaCfE,2011-11-26 21:33,916,438,43,385,3,,en,,-1,,http://pbs.twimg.com/profile_images/412769598044655616/Ke_C9rc5_normal.jpeg,https://pbs.twimg.com/profile_images/412769598044655616/Ke_C9rc5.jpeg,FALSE,-1,,,,,,,,,,,[BofA_Help],,,,FALSE,FALSE,FALSE,FALSE,,,,,,,,,,,,,,@bofa_help,8.95,2.38,1.14,2.09,"[bofa_help, ty, reply, all, good, helping, parents, mom, found, place]",https://twitter.com/StephenKelly88/status/946090439425253376,0
946088983737409537,Hey @BofA_Help ! I've pinged you via DM. Thanks for your help ??,"<a href=""http://twitter.com/download/android"" rel=""nofollow"">Twitter for Android</a>",en,2017-12-27 18:42,0,FALSE,0,-1,,-1,161820702,Daniel LaCoste ????,daniellacoste,computer scientist •  audiophile •  video game connoisseur •  tech support engineer @Plaid,2010-07-01 21:44,1153,1271,319,872,11,"Calgary, AB",en,Mountain Time (US & Canada),-25200,,http://pbs.twimg.com/profile_images/498293560215494657/CzYGNeL__normal.jpeg,https://pbs.twimg.com/profile_images/498293560215494657/CzYGNeL_.jpeg,FALSE,-1,,,,,,,,,,,[BofA_Help],,,,FALSE,FALSE,FALSE,FALSE,,,,,,,,,,,,,,@bofa_help,2.73,1.32,1.46,0.91,"[hey, bofa_help, i've, pinged, via, dm, thanks, help]",https://twitter.com/daniellacoste/status/946088983737409537,0
946088600478793728,@BofA_Help Obviously you are not able to since 3 times on hold for over an hour with No explanation as to your choice of action.,"<a href=""http://twitter.com/download/iphone"" rel=""nofollow"">Twitter for iPhone</a>",en,2017-12-27 18:41,0,FALSE,0,946011810993463296,BofA_Help,18735040,36391958,Silvester IS,socal_happy,"Wealth Management Through Real Estate. Agency, Consulting, Management. ????·????  
(323) 849-018",2009-04-29 15:57,10312,439,1496,1427,95,"Los Angeles, CA",en,Pacific Time (US & Canada),-28800,http://t.co/3yqG1WFeoK,http://pbs.twimg.com/profile_images/660228586968748032/RaKQAp9x_normal.jpg,https://pbs.twimg.com/profile_images/660228586968748032/RaKQAp9x.jpg,FALSE,-1,,,,,,,,,,,[BofA_Help],,,,FALSE,FALSE,FALSE,FALSE,,,,,,,,,,,,,,@bofa_help,0.95,7.23,0.31,23.49,"[bofa_help, obviously, able, since, 3, times, hold, over, hour, no, explanation, choice, action]",https://twitter.com/socal_happy/status/946088600478793728,0
946086019971125248,@BofA_Help @BofA_News You are still holding my funds! Release them now!,"<a href=""http://twitter.com/#!/download/ipad"" rel=""nofollow"">Twitter for iPad</a>",en,2017-12-27 18:30,0,FALSE,0,-1,BofA_Help,18735040,20444248,Chris Sayre RE Agent,ChrisRealDenver,"Helping my clients determine, should I sell now? Listing unique homes. I buy RE notes. #ff",2009-02-09 16:04,1696,22,2221,2721,24,"Denver, Colorado",en,Mountain Time (US & Canada),-25200,https://t.co/efMgpYnttV,http://pbs.twimg.com/profile_images/438358273486385152/_qlVX_vD_normal.jpeg,https://pbs.twimg.com/profile_images/438358273486385152/_qlVX_vD.jpeg,FALSE,-1,,,,,,,,,,,"[BofA_Help, BofA_News]",,,,FALSE,FALSE,FALSE,FALSE,,,,,,,,,,,,,,@bofa_help,1.23,0.62,0.01,77.09,"[bofa_help, bofa_news, still, holding, funds, release, them, now]",https://twitter.com/ChrisRealDenver/status/946086019971125248,0
946083322740072453,"RT @FabrizioMoreira: Fully tired of the @Bankofamerica fraud and the @BofA_Help null support or help, I will share my story about it includ…","<a href=""http://twitter.com/download/iphone"" rel=""nofollow"">Twitter for iPhone</a>",en,2017-12-27 18:20,0,TRUE,1,-1,,-1,47277261,D-TECK,D_TECK,CEO @WazzupMG|Konvict Muzik|A&R Dir|Billboard Prod| @IamStylezMusicIg @IamSafaree @RaOolWorld @DJPain1 @Wazzuptonight @WazzupRadioNet|WVIP 93.5FM,2009-06-15 6:33,51451,8891,34852,8079,227,Konvict Muzik | StuntGang ,en,Pacific Time (US & Canada),-28800,https://t.co/nBebzhcfos,http://pbs.twimg.com/profile_images/946086361920147456/woiZM2At_normal.jpg,https://pbs.twimg.com/profile_images/946086361920147456/woiZM2At.jpg,FALSE,-1,,,,,,,,,,,"[FabrizioMoreira, BankofAmerica, BofA_Help]",,,,FALSE,FALSE,FALSE,FALSE,946037437540782080,"Fully tired of the @Bankofamerica fraud and the @BofA_Help null support or help, I will share my story about it inc… https://t.co/fBkcHSTw7E","<a href=""http://twitter.com/download/iphone"" rel=""nofollow"">Twitter for iPhone</a>",en,2017-12-27 15:17,709368078187028480,Fabrizio Moreira,FabrizioMoreira,5374,1878,1563,534,72,@bofa_help,0.23,6.37,1.10,5.79,"[fully, tired, bankofamerica, fraud, bofa_help, null, support, help, will, share, story, about, inc, fbkchstw7e]",https://twitter.com/D_TECK/status/946083322740072453,4
946083005885423616,@BofA_Help Sent,"<a href=""http://twitter.com/download/iphone"" rel=""nofollow"">Twitter for iPhone</a>",en,2017-12-27 18:19,0,FALSE,0,946074689809649664,BofA_Help,18735040,307009317,Brandon,bsprag,Originally from #Jacksonville • I’m an #Entrepreneur • Love Photography & Videography • Weekend Mountain Biking • IG: westcoast_dude,2011-05-28 21:12,1209,15,129,288,7,Reno,en,Pacific Time (US & Canada),-28800,https://t.co/QjQUh5RztW,http://pbs.twimg.com/profile_images/889368813522890753/_TY5gqAL_normal.jpg,https://pbs.twimg.com/profile_images/889368813522890753/_TY5gqAL.jpg,FALSE,-1,,,,,,,,,,,[BofA_Help],,,,FALSE,FALSE,FALSE,FALSE,,,,,,,,,,,,,,@bofa_help,2.23,4.20,0.05,80.60,"[bofa_help, sent]",https://twitter.com/bsprag/status/946083005885423616,0
946082432310276097,Hey @BofA_Help what’s the point of making an appointment if we still have to wait 20+ minutes ??,"<a href=""http://twitter.com/download/iphone"" rel=""nofollow"">Twitter for iPhone</a>",en,2017-12-27 18:16,3,FALSE,0,-1,,-1,76444062,Dani Nicole,DaniNicole28,??? • law student • Carolina girl living in the big city • let the sunshine in • ???????????,2009-09-22 20:42,28340,74765,440,282,4,"New York, NY",en,Eastern Time (US & Canada),-18000,,http://pbs.twimg.com/profile_images/937775498419146752/jNbZa7dq_normal.jpg,https://pbs.twimg.com/profile_images/937775498419146752/jNbZa7dq.jpg,FALSE,-1,,,,,,,,,,,[BofA_Help],,,,FALSE,FALSE,FALSE,FALSE,,,,,,,,,,,,,,@bofa_help,0.64,100.50,265.12,0.38,"[hey, bofa_help, s, point, making, appointment, if, still, have, wait, 20, minutes]",https://twitter.com/DaniNicole28/status/946082432310276097,3
946081439245770752,"@BofA_Help pls...we’re in the 33976 area can I go to assist with a power of attorney, do a notary, or a signature guarantee.","<a href=""http://twitter.com/download/iphone"" rel=""nofollow"">Twitter for iPhone</a>",en,2017-12-27 18:12,0,FALSE,0,-1,BofA_Help,18735040,422141832,SteveKelly88,StephenKelly88,http://t.co/bwRB3XaCfE,2011-11-26 21:33,916,438,43,385,3,,en,,-1,,http://pbs.twimg.com/profile_images/412769598044655616/Ke_C9rc5_normal.jpeg,https://pbs.twimg.com/profile_images/412769598044655616/Ke_C9rc5.jpeg,FALSE,-1,,,San Carlos Park,"San Carlos Park, FL",city,,US,United States,Polygon,"[[26.452722,-81.845887],[26.452722,-81.797192],[26.492899,-81.797192],[26.492899,-81.845887]]",[BofA_Help],,,,FALSE,FALSE,FALSE,FALSE,,,,,,,,,,,,,,@bofa_help,8.95,2.38,1.14,2.09,"[bofa_help, pls, re, 33976, area, go, assist, power, attorney, notary, signature, guarantee]",https://twitter.com/StephenKelly88/status/946081439245770752,0
946081073825550336,@BofA_Help @SciFiGirl1993 Chat is unavailable while we work on an enhanced solution,"<a href=""http://twitter.com"" rel=""nofollow"">Twitter Web Client</a>",en,2017-12-27 18:11,0,FALSE,0,789201737181597701,BofA_Help,18735040,108211814,jacob boehm,jacobboehm,Chef/Owner Snap Pea Underground & Catering,2010-01-25 6:10,37,11,94,12,2,"Chapel Hill, NC",en,,-1,https://t.co/Sr4YG5jDLO,http://pbs.twimg.com/profile_images/639859710590590976/A8T9p8Bk_normal.jpg,https://pbs.twimg.com/profile_images/639859710590590976/A8T9p8Bk.jpg,FALSE,-1,,,,,,,,,,,"[BofA_Help, SciFiGirl1993]",,,,FALSE,FALSE,FALSE,FALSE,,,,,,,,,,,,,,@bofa_help,0.13,3.08,0.92,3.36,"[bofa_help, scifigirl1993, chat, unavailable, while, work, enhanced, solution]",https://twitter.com/jacobboehm/status/946081073825550336,0
946076816388870145,@BofA_Help what is the cutoff time for mobile checks to be processed by next day?,"<a href=""http://twitter.com/download/iphone"" rel=""nofollow"">Twitter for iPhone</a>",en,2017-12-27 17:54,0,FALSE,0,-1,BofA_Help,18735040,762670015191613440,Snapchat Help Me,SnapchatHelpMee,,2016-08-08 15:21,127,1884,20,72,0,,en,,-1,,http://abs.twimg.com/sticky/default_profile_images/default_profile_normal.png,https://abs.twimg.com/sticky/default_profile_images/default_profile.png,TRUE,-1,,,,,,,,,,,[BofA_Help],,,,FALSE,FALSE,FALSE,FALSE,,,,,,,,,,,,,,@bofa_help,3.60,1.76,26.17,0.07,"[bofa_help, cutoff, time, mobile, checks, processed, next, day]",https://twitter.com/SnapchatHelpMee/status/946076816388870145,0
946075817427300352,"@BofA_Help I was charged a maint fee on my savings account, why?","<a href=""http://twitter.com"" rel=""nofollow"">Twitter Web Client</a>",en,2017-12-27 17:50,0,FALSE,0,-1,BofA_Help,18735040,533669650,Heather Moore,raisinmarietta,,2012-03-23 0:15,1,0,0,10,0,,en,,-1,,http://pbs.twimg.com/profile_images/1934160423/image_normal.jpg,https://pbs.twimg.com/profile_images/1934160423/image.jpg,FALSE,-1,,,,,,,,,,,[BofA_Help],,,,FALSE,FALSE,FALSE,FALSE,,,,,,,,,,,,,,@bofa_help,0.00,0.10,0.00,0.00,"[bofa_help, was, charged, maint, fee, savings, account]",https://twitter.com/raisinmarietta/status/946075817427300352,0
946075756098146304,"@BofA_Help Trying to get some financial matters taken care of, but it's fine no worries drive to my other bank less wait in in line","<a href=""http://twitter.com/download/iphone"" rel=""nofollow"">Twitter for iPhone</a>",en,2017-12-27 17:50,0,FALSE,0,946046628863111169,BofA_Help,18735040,468553222,Alexander,floresalex_,Atlanta. build a better you,2012-01-19 17:21,4026,3541,234,350,1,,en,,-1,,http://pbs.twimg.com/profile_images/891859991413575681/DjqAisNg_normal.jpg,https://pbs.twimg.com/profile_images/891859991413575681/DjqAisNg.jpg,FALSE,-1,,,,,,,,,,,[BofA_Help],,,,FALSE,FALSE,FALSE,FALSE,,,,,,,,,,,,,,@bofa_help,1.50,11.50,10.12,1.14,"[bofa_help, trying, get, some, financial, matters, taken, care, it's, fine, no, worries, drive, other, bank, less, wait, line]",https://twitter.com/floresalex_/status/946075756098146304,0
946075550338166785,"@moreira @BofA_Help @BankofAmerica Hey yes that's fine with me,","<a href=""http://twitter.com/download/iphone"" rel=""nofollow"">Twitter for iPhone</a>",en,2017-12-27 17:49,0,FALSE,0,946047565031714816,moreira,1197229922,468553222,Alexander,floresalex_,Atlanta. build a better you,2012-01-19 17:21,4026,3541,234,350,1,,en,,-1,,http://pbs.twimg.com/profile_images/891859991413575681/DjqAisNg_normal.jpg,https://pbs.twimg.com/profile_images/891859991413575681/DjqAisNg.jpg,FALSE,-1,,,,,,,,,,,"[moreira, BofA_Help, BankofAmerica]",,,,FALSE,FALSE,FALSE,FALSE,,,,,,,,,,,,,,@bofa_help,1.50,11.50,10.12,1.14,"[moreira, bofa_help, bankofamerica, hey, yes, that's, fine]",https://twitter.com/floresalex_/status/946075550338166785,0
946074729538097154,@BofA_Help Yes can someone call me please???,"<a href=""http://twitter.com/download/iphone"" rel=""nofollow"">Twitter for iPhone</a>",en,2017-12-27 17:46,0,FALSE,0,945759568029798400,BofA_Help,18735040,27929267,Andrea R,andreaarg,concerts. 1/5 1D 5/5 5H?.,2009-03-31 18:24,38003,6352,1009,542,3,"world of chances, TX",en,Central Time (US & Canada),-21600,https://t.co/IYNtMPwnAp,http://pbs.twimg.com/profile_images/918567924369108993/Ybaqx1x7_normal.jpg,https://pbs.twimg.com/profile_images/918567924369108993/Ybaqx1x7.jpg,FALSE,-1,,,,,,,,,,,[BofA_Help],,,,FALSE,FALSE,FALSE,FALSE,,,,,,,,,,,,,,@bofa_help,0.54,70.12,11.72,5.98,"[bofa_help, yes, someone, call, please]",https://twitter.com/andreaarg/status/946074729538097154,0
946071109698383872,@BofA_Help you mailed my replacement debit card to my old address a third time after i drove 40 miles to the neares… https://t.co/TuKGOwKg3e,"<a href=""http://twitter.com"" rel=""nofollow"">Twitter Web Client</a>",en,2017-12-27 17:31,0,FALSE,0,-1,BofA_Help,18735040,128396972,SlumCut,Calsutmoran,,2010-04-01 0:51,7,12,7,44,0,DXM,en,,-1,,http://abs.twimg.com/sticky/default_profile_images/default_profile_normal.png,https://abs.twimg.com/sticky/default_profile_images/default_profile.png,TRUE,-1,,,,,,,,,,,[BofA_Help],,[https://twitter.com/i/web/status/946071109698383872],,FALSE,FALSE,FALSE,TRUE,,,,,,,,,,,,,,@bofa_help,6.29,0.16,0.27,0.58,"[bofa_help, mailed, replacement, debit, card, old, address, third, time, after, drove, 40, miles, neares, tukgowkg3e]",https://twitter.com/Calsutmoran/status/946071109698383872,0
946070983542128640,@BofA_Help I’ve already called B of A and the agent wasn’t able to help me.,"<a href=""http://twitter.com/download/iphone"" rel=""nofollow"">Twitter for iPhone</a>",en,2017-12-27 17:31,0,FALSE,0,946069740728061952,BofA_Help,18735040,307009317,Brandon,bsprag,Originally from #Jacksonville • I’m an #Entrepreneur • Love Photography & Videography • Weekend Mountain Biking • IG: westcoast_dude,2011-05-28 21:12,1209,15,129,288,7,Reno,en,Pacific Time (US & Canada),-28800,https://t.co/QjQUh5RztW,http://pbs.twimg.com/profile_images/889368813522890753/_TY5gqAL_normal.jpg,https://pbs.twimg.com/profile_images/889368813522890753/_TY5gqAL.jpg,FALSE,-1,,,,,,,,,,,[BofA_Help],,,,FALSE,FALSE,FALSE,FALSE,,,,,,,,,,,,,,@bofa_help,2.23,4.20,0.05,80.60,"[bofa_help, ve, already, called, b, agent, wasn, able, help]",https://twitter.com/bsprag/status/946070983542128640,0
946070657011539968,"@BofA_Help I messaged you, no response.","<a href=""http://twitter.com/download/iphone"" rel=""nofollow"">Twitter for iPhone</a>",en,2017-12-27 17:29,0,FALSE,0,-1,BofA_Help,18735040,322121963,#ItsRishaa????,slimrishaa,Obsessed with Tupac SC: Slimrishaa #Txsu18,2011-06-22 17:28,30702,1826,1338,1039,4,,en,Central Time (US & Canada),-21600,,http://pbs.twimg.com/profile_images/907492380244410368/t_OyrxrE_normal.jpg,https://pbs.twimg.com/profile_images/907492380244410368/t_OyrxrE.jpg,FALSE,-1,,,Houston,"Houston, TX",city,,US,United States,Polygon,"[[29.522325,-95.823268],[29.522325,-95.069705],[30.1546646,-95.069705],[30.1546646,-95.823268]]",[BofA_Help],,,,FALSE,FALSE,FALSE,FALSE,,,,,,,,,,,,,,@bofa_help,0.78,29.55,1.76,16.81,"[bofa_help, messaged, no, response]",https://twitter.com/slimrishaa/status/946070657011539968,0
946069212505587713,@BofA_Help Thanks @BofA_Help!  Much love for the wonderful customer service!,"<a href=""http://twitter.com"" rel=""nofollow"">Twitter Web Client</a>",en,2017-12-27 17:24,0,FALSE,0,946068963594833922,BofA_Help,18735040,3311936580,Niki Koubourlis,NikiKoub,"Founder & CEO @BoldBetties, @Boomtown alum, @ChicagoBooth MBA, diehard #Seahawks fan",2015-08-11 2:14,57,124,1240,1682,21,"Denver, CO",en,Mountain Time (US & Canada),-25200,http://t.co/SPASjGJMrN,http://pbs.twimg.com/profile_images/645334665960644608/ckFEt1rx_normal.jpg,https://pbs.twimg.com/profile_images/645334665960644608/ckFEt1rx.jpg,FALSE,-1,,,,,,,,,,,"[BofA_Help, BofA_Help]",,,,FALSE,FALSE,FALSE,FALSE,,,,,,,,,,,,,,@bofa_help,1.36,0.03,0.07,0.46,"[bofa_help, thanks, bofa_help, much, love, wonderful, customer, service]",https://twitter.com/NikiKoub/status/946069212505587713,0
946068245307645952,unable to tranfer into checking account? do not see option to transfer in. @BofA_Help,"<a href=""http://twitter.com"" rel=""nofollow"">Twitter Web Client</a>",en,2017-12-27 17:20,0,FALSE,0,-1,,-1,29108099,Sean A McEntire Sr.,seansr917,,2009-04-06 0:53,100,13,72,146,0,National,en,Eastern Time (US & Canada),-18000,,http://pbs.twimg.com/profile_images/806778751497318400/dLg2no6K_normal.jpg,https://pbs.twimg.com/profile_images/806778751497318400/dLg2no6K.jpg,FALSE,-1,,,,,,,,,,,[BofA_Help],,,,FALSE,FALSE,FALSE,FALSE,,,,,,,,,,,,,,@bofa_help,2.03,0.68,0.09,7.69,"[unable, tranfer, into, checking, account, see, option, transfer, bofa_help]",https://twitter.com/seansr917/status/946068245307645952,0
946067539603402754,@BofA_Help It was taken care of thank you :),"<a href=""https://mobile.twitter.com"" rel=""nofollow"">Twitter Lite</a>",en,2017-12-27 17:17,0,FALSE,0,943200978836312064,BofA_Help,18735040,33627589,Christopher Collins,crcollin,,2009-04-20 19:21,9,1,0,1,0,,en,,-1,,http://abs.twimg.com/sticky/default_profile_images/default_profile_normal.png,https://abs.twimg.com/sticky/default_profile_images/default_profile.png,TRUE,-1,,,,,,,,,,,[BofA_Help],,,,FALSE,FALSE,FALSE,FALSE,,,,,,,,,,,,,,@bofa_help,0.00,9.00,1.00,9.00,"[bofa_help, was, taken, care, thank]",https://twitter.com/crcollin/status/946067539603402754,0
946065952575229952,@BofA_Help Makes sense,"<a href=""http://mvilla.it/fenix"" rel=""nofollow"">Fenix 2</a>",en,2017-12-27 17:11,0,FALSE,0,946059445309726721,BofA_Help,18735040,313624887,Victor Rivas,ZEO5520,POTUS is my president | Batman is my name | America is the land I love | MAGA,2011-06-08 23:27,19745,6941,159,31,33,,en,Central Time (US & Canada),-21600,,http://pbs.twimg.com/profile_images/898382664679424000/i05aMOKC_normal.jpg,https://pbs.twimg.com/profile_images/898382664679424000/i05aMOKC.jpg,FALSE,-1,,,,,,,,,,,[BofA_Help],,,,FALSE,FALSE,FALSE,FALSE,,,,,,,,,,,,,,@bofa_help,0.19,636.94,223.90,2.84,"[bofa_help, makes, sense]",https://twitter.com/ZEO5520/status/946065952575229952,0
946065248364068864,"Dear @BofA_Help, it is a shame that you charged me a late fee on my CC payment even though I paid on time my time.… https://t.co/thgsOMtjfQ","<a href=""http://twitter.com/download/iphone"" rel=""nofollow"">Twitter for iPhone</a>",en,2017-12-27 17:08,0,FALSE,0,-1,,-1,307009317,Brandon,bsprag,Originally from #Jacksonville • I’m an #Entrepreneur • Love Photography & Videography • Weekend Mountain Biking • IG: westcoast_dude,2011-05-28 21:12,1209,15,129,288,7,Reno,en,Pacific Time (US & Canada),-28800,https://t.co/QjQUh5RztW,http://pbs.twimg.com/profile_images/889368813522890753/_TY5gqAL_normal.jpg,https://pbs.twimg.com/profile_images/889368813522890753/_TY5gqAL.jpg,FALSE,-1,,,,,,,,,,,[BofA_Help],,[https://twitter.com/i/web/status/946065248364068864],,FALSE,FALSE,FALSE,TRUE,,,,,,,,,,,,,,@bofa_help,2.23,4.20,0.05,80.60,"[dear, bofa_help, shame, charged, late, fee, cc, payment, even, though, paid, time, time, thgsomtjfq]",https://twitter.com/bsprag/status/946065248364068864,0
946064455170969601,@BofA_Help the way transactions posted to my account is both difficult to understand and appears to have been incor… https://t.co/9713zB784v,"<a href=""http://twitter.com/download/iphone"" rel=""nofollow"">Twitter for iPhone</a>",en,2017-12-27 17:05,0,FALSE,0,-1,BofA_Help,18735040,3831660313,Gerg,dontgetscooped,"Pro Wrestling Enthusiast | Gamer | Cat Person. ""Don't start nothin', won't be nothin'"" - Agent J, Men in Black",2015-10-09 2:16,3629,6629,75,429,1,Spooky City Colorado,en,Pacific Time (US & Canada),-28800,,http://pbs.twimg.com/profile_images/944733157772943360/3pSDTXPR_normal.jpg,https://pbs.twimg.com/profile_images/944733157772943360/3pSDTXPR.jpg,FALSE,-1,,,,,,,,,,,[BofA_Help],,[https://twitter.com/i/web/status/946064455170969601],,FALSE,FALSE,FALSE,TRUE,,,,,,,,,,,,,,@bofa_help,5.72,8.46,15.45,0.55,"[bofa_help, way, transactions, posted, account, both, difficult, understand, appears, have, been, incor, 9713zb784v]",https://twitter.com/dontgetscooped/status/946064455170969601,0
946062198358642695,@BofA_Help Sent already. Probably should pay attention better to your own feed.,"<a href=""http://twitter.com/download/iphone"" rel=""nofollow"">Twitter for iPhone</a>",en,2017-12-27 16:56,0,FALSE,0,946060301966995458,BofA_Help,18735040,257906351,Sara Paisner,SaraPaisner,Marketing professional translating complex technology and science into customer value. Avid Thistle Sailor and Martial Artist.,2011-02-26 15:05,3776,72,171,179,52,"NC, USA",en,,-1,http://t.co/uorsHdyusS,http://pbs.twimg.com/profile_images/2771234059/320a508d6e36e3a0e7c677f6839a9bea_normal.jpeg,https://pbs.twimg.com/profile_images/2771234059/320a508d6e36e3a0e7c677f6839a9bea.jpeg,FALSE,-1,,,,,,,,,,,[BofA_Help],,,,FALSE,FALSE,FALSE,FALSE,,,,,,,,,,,,,,@bofa_help,1.05,21.09,0.40,52.44,"[bofa_help, sent, already, probably, should, pay, attention, better, own, feed]",https://twitter.com/SaraPaisner/status/946062198358642695,0
946062044469645312,"Hi @Bofa_help,

I had a deeply unpleasant customer service experience today wherein your rep blamed me for an accou… https://t.co/Z2SF80TEiu","<a href=""http://twitter.com"" rel=""nofollow"">Twitter Web Client</a>",en,2017-12-27 16:55,0,FALSE,0,-1,,-1,312336521,Alex,Wonko_the_sane_,"US foreign policy, Jewish identity, random Russian things, and occasional puns. Trying to elevate small talk to medium talk. Come for one liners, stay for rants",2011-06-06 23:41,91159,27304,1540,672,65,"New York, NY",en,Eastern Time (US & Canada),-18000,,http://pbs.twimg.com/profile_images/866459516560429057/ggHWh75f_normal.jpg,https://pbs.twimg.com/profile_images/866459516560429057/ggHWh75f.jpg,FALSE,-1,,,,,,,,,,,[BofA_Help],,[https://twitter.com/i/web/status/946062044469645312],,FALSE,FALSE,FALSE,TRUE,,,,,,,,,,,,,,@bofa_help,0.44,135.65,40.63,3.34,"[hi, bofa_help, had, deeply, unpleasant, customer, service, experience, today, wherein, rep, blamed, accou, z2sf80teiu]",https://twitter.com/Wonko_the_sane_/status/946062044469645312,0
946060502488186881,@BofA_Help They told me to open it again online but it wouldn't let me... I need a debit card and an account so I c… https://t.co/2SyCibpo8J,"<a href=""http://twitter.com/download/iphone"" rel=""nofollow"">Twitter for iPhone</a>",en,2017-12-27 16:49,0,FALSE,0,946060230009475073,BofA_Help,18735040,965242141,Met Kings LiLoNi ??,FrightenZiall,1/6-1D; 0/5-5SOS; 2/12-Magcon; (14 + Austin Mahone) Gain the courage to make it where your dreams tell you to go!! 1/4-F4; Play Overnight at my funeral,2012-11-23 0:42,44948,69893,1767,1980,17,NYC/Washington DC,en,Eastern Time (US & Canada),-18000,https://t.co/Bgo8sDLvtN,http://pbs.twimg.com/profile_images/883130563107987458/yT-aa_wu_normal.jpg,https://pbs.twimg.com/profile_images/883130563107987458/yT-aa_wu.jpg,FALSE,-1,,,,,,,,,,,[BofA_Help],,[https://twitter.com/i/web/status/946060502488186881],,FALSE,FALSE,FALSE,TRUE,,,,,,,,,,,,,,@bofa_help,1.12,22.70,35.30,0.64,"[bofa_help, told, open, again, online, wouldn't, let, need, debit, card, account, so, 2sycibpo8j]",https://twitter.com/FrightenZiall/status/946060502488186881,0
946058988847878146,On hold for over an hour with @BofA_Help unf&ckingbelievable #FAIL in #CustomerService https://t.co/tDNJ37F09G,"<a href=""http://twitter.com/download/iphone"" rel=""nofollow"">Twitter for iPhone</a>",en,2017-12-27 16:43,0,FALSE,0,-1,,-1,257906351,Sara Paisner,SaraPaisner,Marketing professional translating complex technology and science into customer value. Avid Thistle Sailor and Martial Artist.,2011-02-26 15:05,3776,72,171,179,52,"NC, USA",en,,-1,http://t.co/uorsHdyusS,http://pbs.twimg.com/profile_images/2771234059/320a508d6e36e3a0e7c677f6839a9bea_normal.jpeg,https://pbs.twimg.com/profile_images/2771234059/320a508d6e36e3a0e7c677f6839a9bea.jpeg,FALSE,-1,,,,,,,,,,,[BofA_Help],"[FAIL, CustomerService]",,[https://twitter.com/SaraPaisner/status/946058988847878146/photo/1],FALSE,FALSE,FALSE,FALSE,,,,,,,,,,,,,,@bofa_help,1.05,21.09,0.40,52.44,"[hold, over, hour, bofa_help, unf, ckingbelievable, fail, customerservice, tdnj37f09g]",https://twitter.com/SaraPaisner/status/946058988847878146,0
946051642356588544,"@BofA_Help I have a question about my accounts, but there is no chat option on the website. Are you able to help me?","<a href=""http://twitter.com"" rel=""nofollow"">Twitter Web Client</a>",en,2017-12-27 16:14,0,FALSE,0,-1,BofA_Help,18735040,17217482,Kerrie Bond-MacInnes,kerriebondm,"You can find me here talking about Broadway, TV, or cheese.",2008-11-06 19:36,18181,713,399,714,16,"New York, NY",en,Eastern Time (US & Canada),-18000,https://t.co/A7np1p4v5b,http://pbs.twimg.com/profile_images/864533404649349120/h9pamB8h_normal.jpg,https://pbs.twimg.com/profile_images/864533404649349120/h9pamB8h.jpg,FALSE,-1,,,,,,,,,,,[BofA_Help],,,,FALSE,FALSE,FALSE,FALSE,,,,,,,,,,,,,,@bofa_help,1.79,25.46,1.00,25.50,"[bofa_help, have, question, about, accounts, there, no, chat, option, website, able, help]",https://twitter.com/kerriebondm/status/946051642356588544,0
946049440510611456,@BofA_Help I like how I’m penalized with a longer wait time to get help for not using the automated system...no I d… https://t.co/Cla5OqTBxQ,"<a href=""http://twitter.com/download/iphone"" rel=""nofollow"">Twitter for iPhone</a>",en,2017-12-27 16:05,0,FALSE,0,-1,BofA_Help,18735040,880487573625470976,Adam Krawiec,AdamKrawiec3,,2017-06-29 18:06,7,1,1,43,0,,en,,-1,,http://abs.twimg.com/sticky/default_profile_images/default_profile_normal.png,https://abs.twimg.com/sticky/default_profile_images/default_profile.png,TRUE,-1,,,,,,,,,,,[BofA_Help],,[https://twitter.com/i/web/status/946049440510611456],,FALSE,FALSE,FALSE,TRUE,,,,,,,,,,,,,,@bofa_help,43.00,0.16,0.02,7.00,"[bofa_help, like, m, penalized, longer, wait, time, get, help, using, automated, system, no, d, cla5oqtbxq]",https://twitter.com/AdamKrawiec3/status/946049440510611456,0
946048609249890306,@Gracielamb @BofA_Help Are you willing to share your story with me I am writing a report about their bad customer s… https://t.co/0sBwxzvBiB,"<a href=""http://twitter.com/download/iphone"" rel=""nofollow"">Twitter for iPhone</a>",en,2017-12-27 16:02,0,FALSE,0,946047167302479873,Gracielamb,33130459,709368078187028480,Fabrizio Moreira,FabrizioMoreira,#Entrepreneur Licensed #TalentAgent #Politician advisor for Gov agencies & Public Elected Officials #investor #AustrianSchool #Libertarian #ImpeachmentTrain,2016-03-14 13:18,5374,1878,1563,534,72,United States,en,Pacific Time (US & Canada),-28800,https://t.co/x1xfzL7J2G,http://pbs.twimg.com/profile_images/906997843239608320/_N3W1n8d_normal.jpg,https://pbs.twimg.com/profile_images/906997843239608320/_N3W1n8d.jpg,FALSE,-1,,,,,,,,,,,"[Gracielamb, BofA_Help]",,[https://twitter.com/i/web/status/946048609249890306],,FALSE,FALSE,FALSE,TRUE,,,,,,,,,,,,,,@bofa_help,0.34,10.06,3.52,2.86,"[gracielamb, bofa_help, willing, share, story, writing, report, about, their, bad, customer, s, 0sbwxzvbib]",https://twitter.com/FabrizioMoreira/status/946048609249890306,0
946047565031714816,@BofA_Help @floresalex_ Hey @Floresalex_ our team is doing a report about @BankofAmerica bad practices and their wo… https://t.co/HeEvkRs5O4,"<a href=""http://twitter.com/download/iphone"" rel=""nofollow"">Twitter for iPhone</a>",en,2017-12-27 15:58,2,FALSE,0,946046628863111169,BofA_Help,18735040,1197229922,Moreira,moreira,"Welcome to the official account of Moreira, Globally recognized business in Government Advise, Public Relations, Music & Entertainment",2013-02-19 13:45,4529,1230,128119,240,32,U.S.A,en,Hawaii,-36000,https://t.co/SQpDvjbqst,http://pbs.twimg.com/profile_images/847849372511502340/LYghaxmX_normal.jpg,https://pbs.twimg.com/profile_images/847849372511502340/LYghaxmX.jpg,FALSE,-1,,,,,,,,,,,"[BofA_Help, floresalex_, floresalex_, BankofAmerica]",,[https://twitter.com/i/web/status/946047565031714816],,FALSE,FALSE,FALSE,TRUE,,,,,,,,,,,,,,@bofa_help,0.00,18.87,5.13,3.68,"[bofa_help, floresalex, hey, floresalex, team, doing, report, about, bankofamerica, bad, practices, their, wo, heevkrs5o4]",https://twitter.com/moreira/status/946047565031714816,2
946047364795580418,@BofA_Help I will also share the experience with Brian and anyone else who would like to know.,"<a href=""http://twitter.com/download/iphone"" rel=""nofollow"">Twitter for iPhone</a>",en,2017-12-27 15:57,0,FALSE,0,945792762472992770,BofA_Help,18735040,33130459,Moogie,Gracielamb,,2009-04-19 4:36,477,822,27,166,2,California,en,Pacific Time (US & Canada),-28800,,http://pbs.twimg.com/profile_images/3347862817/7c3799cbce3b3a8f0ed3c4cbcbced8f0_normal.jpeg,https://pbs.twimg.com/profile_images/3347862817/7c3799cbce3b3a8f0ed3c4cbcbced8f0.jpeg,FALSE,-1,,,,,,,,,,,[BofA_Help],,,,FALSE,FALSE,FALSE,FALSE,,,,,,,,,,,,,,@bofa_help,6.15,2.87,4.95,0.58,"[bofa_help, will, also, share, experience, brian, anyone, else, who, would, like, know]",https://twitter.com/Gracielamb/status/946047364795580418,0
946047167302479873,"@BofA_Help We wanted to combine accounts.  Also,  after waiting 20 + minutes for assistance a random customer walke… https://t.co/Xa2bOtO8H6","<a href=""http://twitter.com/download/iphone"" rel=""nofollow"">Twitter for iPhone</a>",en,2017-12-27 15:56,0,FALSE,0,945796679462244355,BofA_Help,18735040,33130459,Moogie,Gracielamb,,2009-04-19 4:36,477,822,27,166,2,California,en,Pacific Time (US & Canada),-28800,,http://pbs.twimg.com/profile_images/3347862817/7c3799cbce3b3a8f0ed3c4cbcbced8f0_normal.jpeg,https://pbs.twimg.com/profile_images/3347862817/7c3799cbce3b3a8f0ed3c4cbcbced8f0.jpeg,FALSE,-1,,,,,,,,,,,[BofA_Help],,[https://twitter.com/i/web/status/946047167302479873],,FALSE,FALSE,FALSE,TRUE,,,,,,,,,,,,,,@bofa_help,6.15,2.87,4.95,0.58,"[bofa_help, wanted, combine, accounts, also, after, waiting, 20, minutes, assistance, random, customer, walke, xa2boto8h6]",https://twitter.com/Gracielamb/status/946047167302479873,0
946046604401881090,@BofA_Help When I opened an account online and then I had to go into a bank and they tell me you closed the account… https://t.co/6GcVXhhOtx,"<a href=""http://twitter.com/download/iphone"" rel=""nofollow"">Twitter for iPhone</a>",en,2017-12-27 15:54,0,FALSE,0,-1,BofA_Help,18735040,965242141,Met Kings LiLoNi ??,FrightenZiall,1/6-1D; 0/5-5SOS; 2/12-Magcon; (14 + Austin Mahone) Gain the courage to make it where your dreams tell you to go!! 1/4-F4; Play Overnight at my funeral,2012-11-23 0:42,44948,69893,1767,1980,17,NYC/Washington DC,en,Eastern Time (US & Canada),-18000,https://t.co/Bgo8sDLvtN,http://pbs.twimg.com/profile_images/883130563107987458/yT-aa_wu_normal.jpg,https://pbs.twimg.com/profile_images/883130563107987458/yT-aa_wu.jpg,FALSE,-1,,,,,,,,,,,[BofA_Help],,[https://twitter.com/i/web/status/946046604401881090],,FALSE,FALSE,FALSE,TRUE,,,,,,,,,,,,,,@bofa_help,1.12,22.70,35.30,0.64,"[bofa_help, when, opened, account, online, then, had, go, into, bank, tell, closed, account, 6gcvxhhotx]",https://twitter.com/FrightenZiall/status/946046604401881090,0
946043081509494784,OMG been on hold with @BofA_Help for over 30 MINUTES!!! WTF #customerservice #FAIL,"<a href=""http://twitter.com/download/iphone"" rel=""nofollow"">Twitter for iPhone</a>",en,2017-12-27 15:40,0,FALSE,0,-1,,-1,257906351,Sara Paisner,SaraPaisner,Marketing professional translating complex technology and science into customer value. Avid Thistle Sailor and Martial Artist.,2011-02-26 15:05,3776,72,171,179,52,"NC, USA",en,,-1,http://t.co/uorsHdyusS,http://pbs.twimg.com/profile_images/2771234059/320a508d6e36e3a0e7c677f6839a9bea_normal.jpeg,https://pbs.twimg.com/profile_images/2771234059/320a508d6e36e3a0e7c677f6839a9bea.jpeg,FALSE,-1,,,,,,,,,,,[BofA_Help],"[customerservice, FAIL]",,,FALSE,FALSE,FALSE,FALSE,,,,,,,,,,,,,,@bofa_help,1.05,21.09,0.40,52.44,"[omg, been, hold, bofa_help, over, 30, minutes, wtf, customerservice, fail]",https://twitter.com/SaraPaisner/status/946043081509494784,0
946042937753980928,@BofA_Help Why financial center? This is about the cleanliness of this location which is poor,"<a href=""http://tapbots.com/tweetbot"" rel=""nofollow"">Tweetbot for i?S</a>",en,2017-12-27 15:39,0,FALSE,0,946017598692560896,BofA_Help,18735040,313624887,Victor Rivas,ZEO5520,POTUS is my president | Batman is my name | America is the land I love | MAGA,2011-06-08 23:27,19745,6941,159,31,33,,en,Central Time (US & Canada),-21600,,http://pbs.twimg.com/profile_images/898382664679424000/i05aMOKC_normal.jpg,https://pbs.twimg.com/profile_images/898382664679424000/i05aMOKC.jpg,FALSE,-1,,,,,,,,,,,[BofA_Help],,,,FALSE,FALSE,FALSE,FALSE,,,,,,,,,,,,,,@bofa_help,0.19,636.94,223.90,2.84,"[bofa_help, financial, center, about, cleanliness, location, which, poor]",https://twitter.com/ZEO5520/status/946042937753980928,0
946042522408767488,@BofA_Help #Fraud @BankofAmerica,"<a href=""http://twitter.com/download/iphone"" rel=""nofollow"">Twitter for iPhone</a>",und,2017-12-27 15:38,0,FALSE,0,945669582118846464,BofA_Help,18735040,2875763417,Urbano,urbano,Urbano Cuenta oficial del genero Urbano y del talento en latino america,2014-11-13 22:50,177,116,533,72,3,Latino America,en-gb,Tijuana,-28800,https://t.co/obdTgjAL07,http://pbs.twimg.com/profile_images/863466459199975424/fZaZ-Mge_normal.jpg,https://pbs.twimg.com/profile_images/863466459199975424/fZaZ-Mge.jpg,FALSE,-1,,,,,,,,,,,"[BofA_Help, BankofAmerica]",[Fraud],,,FALSE,FALSE,FALSE,FALSE,,,,,,,,,,,,,,@bofa_help,0.14,2.46,1.61,1.53,"[bofa_help, fraud, bankofamerica]",https://twitter.com/urbano/status/946042522408767488,0
946042284432293890,@flores_lionel @BankofAmerica @flores_lionel Are you willing to collaborate with me and share your story in a repor… https://t.co/j9la5hSQHm,"<a href=""http://twitter.com/download/iphone"" rel=""nofollow"">Twitter for iPhone</a>",en,2017-12-27 15:37,0,FALSE,0,946038329904156672,flores_lionel,555237593,709368078187028480,Fabrizio Moreira,FabrizioMoreira,#Entrepreneur Licensed #TalentAgent #Politician advisor for Gov agencies & Public Elected Officials #investor #AustrianSchool #Libertarian #ImpeachmentTrain,2016-03-14 13:18,5374,1878,1563,534,72,United States,en,Pacific Time (US & Canada),-28800,https://t.co/x1xfzL7J2G,http://pbs.twimg.com/profile_images/906997843239608320/_N3W1n8d_normal.jpg,https://pbs.twimg.com/profile_images/906997843239608320/_N3W1n8d.jpg,FALSE,-1,,,,,,,,,,,"[flores_lionel, BankofAmerica, flores_lionel]",,[https://twitter.com/i/web/status/946042284432293890],,FALSE,FALSE,FALSE,TRUE,,,,,,,,,,,,,,@bofa_help,0.34,10.06,3.52,2.86,"[flores_lionel, bankofamerica, flores_lionel, willing, collaborate, share, story, repor, j9la5hsqhm]",https://twitter.com/FabrizioMoreira/status/946042284432293890,0
